350,27.9228
351,27.78126
352,27.61602
353,27.43542
354,27.29064
355,27.16358
356,27.03426
357,26.9722
358,26.99316
359,27.1369
360,27.2138
361,27.20658
362,27.21154
363,27.19758
364,27.15416
365,27.03364
366,26.88454
367,26.75082
368,26.63302
369,26.5409
370,26.49514
371,26.46364
372,26.45218
373,26.50348
374,26.59046
375,26.7013
376,26.74892
377,26.80104
378,26.90624
379,26.97124
380,27.01816
381,27.07898
382,27.1081
383,27.09806
384,27.03686
385,26.97402
386,26.9211
387,26.89904
388,26.87354
389,26.83282
390,26.81018
391,26.84502
392,26.96798
393,27.11066
394,27.25322
395,27.36822
396,27.46954
397,27.55218
398,27.60768
399,27.63522
400,27.62218
401,27.50516
402,27.44128
403,27.44884
404,27.42648
405,27.41322
406,27.42008
407,27.43834
408,27.4581
409,27.4704
410,27.50672
411,27.55804
412,27.61464
413,27.64732
414,27.63224
415,27.51134
416,27.4008
417,27.33778
418,27.37016
419,27.4709
420,27.6386
421,27.87654
422,28.13286
423,28.3773
424,28.50008
425,28.58988
426,28.67886
427,28.70322
428,28.6862
429,28.64482
430,28.60948
431,28.58016
432,28.55782
433,28.55828
434,28.56446
435,28.55034
436,28.58892
437,28.63518
438,28.62568
439,28.637
440,28.67202
441,28.7229
442,28.8104
443,28.9147
444,28.9879
445,29.0537
446,29.111
447,29.15028
448,29.14466
449,29.1009
450,29.069
451,29.06386
452,29.08246
453,29.08102
454,29.08078
455,29.08572
456,29.06552
457,29.03274
458,28.99702
459,29.0059
460,29.0159
461,29.00948
462,28.9873
463,28.985
464,29.01614
465,29.05736
466,29.08526
467,29.08044
468,29.0943
469,29.1291
470,29.18816
471,29.26006
472,29.23182
473,29.01894
474,28.90088
475,28.85756
476,28.88474
477,28.95108
478,29.01552
479,29.04408
480,29.0519
481,29.0582
482,29.07774
483,29.053
484,29.0218
485,29.01218
486,29.05352
487,29.10218
488,29.12586
489,29.16506
490,29.19868
491,29.21222
492,29.25024
493,29.28896
494,29.31236
495,29.37952
496,29.43596
497,29.4428
498,29.49594
499,29.5514
500,29.57992
501,29.6243
502,29.66344
503,29.68986
504,29.7116
505,29.72514
506,29.73004
507,29.7318
508,29.73786
509,29.75176
510,29.7735
511,29.7804
512,29.77196
513,29.7743
514,29.78314
515,29.80058
516,29.83948
517,29.86748
518,29.88342
519,29.91328
520,29.96822
521,30.02948
522,30.05108
523,30.06846
524,30.09716
525,30.16908
526,30.2163
527,30.24236
528,30.25356
529,30.284
530,30.32326
531,30.35704
532,30.38596
533,30.42686
534,30.49178
535,30.52112
536,30.52378
537,30.50334
538,30.4287
539,30.39642
540,30.43812
541,30.45752
542,30.4895
543,30.53202
544,30.55182
545,30.57144
546,30.58822
547,30.58562
548,30.59624
549,30.62098
550,30.65526
551,30.65904
552,30.64798
553,30.64032
554,30.64594
555,30.6574
556,30.66968
557,30.6865
558,30.70168
559,30.71706
560,30.76326
561,30.79412
562,30.80708
563,30.8304
564,30.85294
565,30.8714
566,30.88156
567,30.90182
568,30.9208
569,30.92728
570,30.93912
571,30.94364
572,30.93752
573,30.95264
574,30.96086
575,30.95558
576,30.94186
577,30.94036
578,30.94654
579,30.9427
580,30.94194
581,30.92914
582,30.89066
583,30.87928
584,30.86398
585,30.83376
586,30.82886
587,30.8243
588,30.81542
589,30.80402
590,30.79598
591,30.78814
592,30.77376
593,30.75968
594,30.75886
595,30.78046
596,30.78878
597,30.7882
598,30.77974
599,30.76454
600,30.74308
601,30.71852
602,30.69602
603,30.6864
604,30.69214
605,30.71412
606,30.71498
607,30.71062
608,30.70184
609,30.6754
610,30.66282
611,30.65716
612,30.64752
613,30.65366
614,30.6474
615,30.61816
616,30.60198
617,30.59244
618,30.58654
619,30.57968
620,30.56886
621,30.55576
622,30.54236
623,30.5292
624,30.51988
625,30.51678
626,30.52592
627,30.50554
628,30.47578
629,30.45922
630,30.44694
631,30.44286
632,30.43654
633,30.39252
634,30.36098
635,30.348
636,30.35352
637,30.34002
638,30.32262
639,30.31068
640,30.30686
641,30.29884
642,30.28644
643,30.2733
644,30.25202
645,30.23136
646,30.2132
647,30.18966
648,30.17882
649,30.17288
650,30.16338
651,30.16072
652,30.15762
653,30.15444
654,30.15936
655,30.16264
656,30.16348
657,30.16168
658,30.15736
659,30.1512
660,30.14698
661,30.15012
662,30.15788
663,30.15488
664,30.13586
665,30.12522
666,30.1059
667,30.08798
668,30.08114
669,30.05784
670,30.03766
671,30.02564
672,30.0178
673,30.01398
674,30.01044
675,30.0045
676,29.99356
677,29.97446
678,29.95562
679,29.94516
680,29.93992
681,29.93018
682,29.90844
683,29.86612
684,29.85008
685,29.84034
686,29.82742
687,29.8138
688,29.80122
689,29.79192
690,29.78884
691,29.76338
692,29.76078
693,29.7632
694,29.74484
695,29.73638
696,29.7387
697,29.74334
698,29.73634
699,29.7264
700,29.7269
701,29.73406
702,29.73656
703,29.73044
704,29.72046
705,29.70892
706,29.69758
707,29.69986
708,29.6944
709,29.67612
710,29.6575
711,29.64852
712,29.6453
713,29.6441
714,29.6413
715,29.63208
716,29.63296
717,29.63958
718,29.61684
719,29.62346
720,29.62436
721,29.61008
722,29.60008
723,29.60896
724,29.61932
725,29.62044
726,29.60546
727,29.59154
728,29.58826
729,29.59382
730,29.5958
731,29.5948
732,29.60898
733,29.62966
734,29.62428
735,29.61446
736,29.60184
737,29.59742
738,29.60672
739,29.56996
740,29.55718
741,29.55166
742,29.5204
743,29.51026
744,29.51414
745,29.52988
746,29.55012
747,29.55482
748,29.5592
749,29.55594
750,29.55154
751,29.56546
752,29.5519
753,29.54922
754,29.54606
755,29.52382
756,29.55514
757,29.55478
758,29.53894
759,29.53406
760,29.55786
761,29.55404
762,29.5513
763,29.5534
764,29.55226
765,29.56746
766,29.57756
767,29.5838
768,29.59112
769,29.60658
770,29.57746
771,29.56648
772,29.57622
773,29.58822
774,29.60864
775,29.61096
776,29.60986
777,29.61372
778,29.62268
779,29.61812
780,29.62938
781,29.63976
782,29.634
783,29.61954
784,29.62648
785,29.61878
786,29.60972
787,29.62392
788,29.63464
789,29.62136
790,29.56936
791,29.53336
792,29.56888
793,29.581
794,29.63172
795,29.63152
796,29.60848
797,29.62936
798,29.6429
799,29.63986
800,29.62196
801,29.6036
802,29.59998
803,29.60754
804,29.59768
805,29.6009
806,29.60686
807,29.59188
808,29.5491
809,29.55494
810,29.54864
811,29.53452
812,29.52438
813,29.51488
814,29.51972
815,29.51218
816,29.49134
817,29.47184
818,29.46318
819,29.42244
820,29.38008
821,29.36482
822,29.36932
823,29.36926
824,29.35076
825,29.33122
826,29.2949
827,29.2652
828,29.25132
829,29.24414
830,29.22364
831,29.18182
832,29.15122
833,29.12446
834,29.09162
835,29.0561
836,29.0333
837,29.02172
838,28.98938
839,28.96756
840,28.9631
841,28.94926
842,28.89828
843,28.89502
844,28.86976
845,28.87444
846,28.86958
847,28.82496
848,28.8137
849,28.77918
850,28.74828
851,28.70522
852,28.66862
853,28.65268
854,28.6489
855,28.62738
856,28.57378
857,28.5517
858,28.5453
859,28.54042
860,28.5092
861,28.43636
862,28.3969
863,28.38576
864,28.33606
865,28.32832
866,28.31828
867,28.27568
868,28.23452
869,28.21904
870,28.18718
871,28.1526
872,28.12214
873,28.11084
874,28.10446
875,28.0854
876,28.0474
877,27.98872
878,27.97892
879,27.9294
880,27.9539
881,27.93452
882,27.92534
883,27.94514
884,27.9295
885,27.88378
886,27.88664
887,27.85708
888,27.83838
889,27.85944
890,27.81882
891,27.80108
892,27.82718
893,27.81874
894,27.78194
895,27.77188
896,27.76486
897,27.7125
898,27.68614
899,27.65556
900,27.65672
901,27.65902
902,27.64972
903,27.64296
904,27.632
905,27.58986
906,27.52646
907,27.50818
908,27.46352
909,27.43794
910,27.42474
911,27.40972
912,27.44728
913,27.46168
914,27.44342
915,27.4342
916,27.4386
917,27.43588
918,27.41516
919,27.40184
920,27.37886
921,27.3391
922,27.34404
923,27.34382
924,27.30802
925,27.28108
926,27.23982
927,27.28274
928,27.29818
929,27.29506
930,27.30554
931,27.3225
932,27.36302
933,27.36752
934,27.33756
935,27.38268
936,27.40764
937,27.39334
938,27.39794
939,27.39764
940,27.42544
941,27.41312
942,27.3263
943,27.38878
944,27.406
945,27.44788
946,27.33884
947,27.4451
948,27.4327
949,27.31792
950,27.37678
951,27.33846
952,27.353
953,27.40964
954,27.39284
955,27.35046
956,27.36368
957,27.45554
958,27.34006
959,27.3862
960,27.42128
961,27.29104
962,27.32646
963,27.40558
964,27.3287
965,27.3639
966,27.30736
967,27.42256
968,27.33762
969,27.43782
970,27.22124
971,27.3681
972,27.38402
973,27.35468
974,27.5049
975,27.47334
976,27.34194
977,27.27016
978,27.32104
979,27.3524
980,27.39794
981,27.43158
982,27.09268
983,26.98176
984,27.00892
985,26.77914
986,26.65698
987,26.5783
988,26.46324
989,26.42992
990,26.34714
991,26.24732
992,26.13236
993,26.15178
994,26.08368
995,26.03696
996,26.07776
997,26.12954
998,26.17562
999,26.2168
1000,26.2533
1001,26.28534
1002,26.31296
1003,26.33604
1004,26.35446
1005,26.36766
1006,26.37372
1007,26.37576
1008,26.37768
1009,26.38218
1010,26.38718
1011,26.39244
1012,26.39814
1013,26.40484
1014,26.41356
1015,26.42192
1016,26.42708
1017,26.42676
1018,26.42184
1019,26.41472
1020,26.40792
1021,26.40238
1022,26.39666
1023,26.39126
1024,26.38684
1025,26.38462
1026,26.38448
1027,26.38404
1028,26.38058
1029,26.37216
1030,26.36028
1031,26.34738
1032,26.33586
1033,26.32556
1034,26.31542
1035,26.30684
1036,26.30114
1037,26.30012
1038,26.30254
1039,26.30526
1040,26.30506
1041,26.30162
1042,26.2964
1043,26.29004
1044,26.28312
1045,26.27426
1046,26.26436
1047,26.25534
1048,26.24926
1049,26.24694
1050,26.24672
1051,26.24658
1052,26.24474
1053,26.24196
1054,26.2385
1055,26.23374
1056,26.22694
1057,26.21644
1058,26.20484
1059,26.19548
1060,26.1915
1061,26.1926
1062,26.1961
1063,26.19928
1064,26.2001
1065,26.1997
1066,26.19894
1067,26.19846
1068,26.19862
1069,26.19886
1070,26.1996
1071,26.20142
1072,26.20538
1073,26.21188
1074,26.21834
1075,26.22216
1076,26.22064
1077,26.21494
1078,26.20862
1079,26.20524
1080,26.20684
1081,26.2114
1082,26.21714
1083,26.22228
1084,26.22712
1085,26.23226
1086,26.23644
1087,26.23856
1088,26.2381
1089,26.23584
1090,26.2326
1091,26.22922
1092,26.22544
1093,26.22112
1094,26.21646
1095,26.21172
1096,26.20668
1097,26.20148
1098,26.19614
1099,26.19074
1100,26.18544
1101,26.18002
1102,26.17418
1103,26.16732
1104,26.15822
1105,26.1493
1106,26.14318
1107,26.14264
1108,26.14726
1109,26.15418
1110,26.16034
1111,26.1639
1112,26.16656
1113,26.1685
1114,26.16986
1115,26.17042
1116,26.17002
1117,26.16942
1118,26.16936
1119,26.16982
1120,26.17036
1121,26.17186
1122,26.17512
1123,26.18066
1124,26.18804
1125,26.19634
1126,26.20484
1127,26.2149
1128,26.22598
1129,26.23546
1130,26.24084
1131,26.24106
1132,26.23816
1133,26.2346
1134,26.23266
1135,26.23078
1136,26.22928
1137,26.22954
1138,26.23306
1139,26.24058
1140,26.25004
1141,26.25916
1142,26.26606
1143,26.27202
1144,26.2771
1145,26.28094
1146,26.28286
1147,26.28222
1148,26.281
1149,26.28148
1150,26.2851
1151,26.2908
1152,26.29738
1153,26.30372
1154,26.30916
1155,26.31432
1156,26.31982
1157,26.32626
1158,26.33362
1159,26.34164
1160,26.35064
1161,26.3609
1162,26.37392
1163,26.38858
1164,26.40216
1165,26.41202
1166,26.41746
1167,26.4207
1168,26.42426
1169,26.43028
1170,26.43794
1171,26.4466
1172,26.45616
1173,26.46698
1174,26.48042
1175,26.49418
1176,26.50528
1177,26.511
1178,26.51186
1179,26.51064
1180,26.51014
1181,26.51154
1182,26.51318
1183,26.51568
1184,26.51972
1185,26.52596
1186,26.53402
1187,26.54292
1188,26.5519
1189,26.5613
1190,26.57122
1191,26.58086
1192,26.58946
1193,26.59604
1194,26.60178
1195,26.60856
1196,26.61828
1197,26.63192
1198,26.6473
1199,26.66186
1200,26.67352
1201,26.6837
1202,26.69242
1203,26.69914
1204,26.70268
1205,26.7017
1206,26.70014
1207,26.70232
1208,26.7115
1209,26.72572
1210,26.74168
1211,26.75596
1212,26.76762
1213,26.77844
1214,26.7879
1215,26.7954
1216,26.79986
1217,26.8023
1218,26.8045
1219,26.80836
1220,26.81402
1221,26.8205
1222,26.82698
1223,26.83248
1224,26.83666
1225,26.84064
1226,26.84574
1227,26.85314
1228,26.86276
1229,26.87348
1230,26.88438
1231,26.89516
1232,26.90686
1233,26.91794
1234,26.92674
1235,26.9319
1236,26.93428
1237,26.93592
1238,26.93874
1239,26.9433
1240,26.94854
1241,26.95428
1242,26.96028
1243,26.96742
1244,26.97508
1245,26.98172
1246,26.98586
1247,26.9866
1248,26.9858
1249,26.98586
1250,26.98868
1251,26.99296
1252,26.99878
1253,27.00662
1254,27.0174
1255,27.03146
1256,27.04654
1257,27.0603
1258,27.07162
1259,27.08182
1260,27.09146
1261,27.10126
1262,27.11088
1263,27.1202
1264,27.1301
1265,27.14144
1266,27.1551
1267,27.16986
1268,27.18414
1269,27.19646
1270,27.20754
1271,27.21758
1272,27.22622
1273,27.23266
1274,27.23594
1275,27.23878
1276,27.24434
1277,27.25514
1278,27.26978
1279,27.28536
1280,27.29912
1281,27.31054
1282,27.3212
1283,27.32946
1284,27.33368
1285,27.332
1286,27.32638
1287,27.3201
1288,27.31646
1289,27.31458
1290,27.31358
1291,27.3135
1292,27.31402
1293,27.31404
1294,27.31554
1295,27.321
1296,27.33292
1297,27.35074
1298,27.37112
1299,27.39054
1300,27.40888
1301,27.42796
1302,27.44468
1303,27.456
1304,27.46032
1305,27.45996
1306,27.45752
1307,27.45524
1308,27.45052
1309,27.44496
1310,27.4423
1311,27.44586
1312,27.45482
1313,27.46712
1314,27.4807
1315,27.49528
1316,27.51294
1317,27.53022
1318,27.54332
1319,27.54906
1320,27.54962
1321,27.54956
1322,27.55346
1323,27.56176
1324,27.57248
1325,27.58508
1326,27.5995
1327,27.61852
1328,27.6391
1329,27.65618
1330,27.66524
1331,27.66728
1332,27.66532
1333,27.66192
1334,27.65856
1335,27.65344
1336,27.64754
1337,27.64204
1338,27.6374
1339,27.63294
1340,27.6284
1341,27.62344
1342,27.61828
1343,27.61288
1344,27.6068
1345,27.60002
1346,27.5939
1347,27.5867
1348,27.5759
1349,27.55924
1350,27.53734
1351,27.51216
1352,27.48582
1353,27.45768
1354,27.42606
1355,27.39614
1356,27.3733
1357,27.35916
1358,27.35064
1359,27.345
1360,27.33972
1361,27.33532
1362,27.3327
1363,27.33198
1364,27.3335
1365,27.3374
1366,27.34322
1367,27.35058
1368,27.36172
1369,27.3778
1370,27.39122
1371,27.39438
1372,27.38594
1373,27.36932
1374,27.34422
1375,27.30988
1376,27.2601
1377,27.20098
1378,27.14392
1379,27.0989
1380,27.06266
1381,27.03052
1382,26.99866
1383,26.96732
1384,26.9409
1385,26.9098
1386,26.8636
1387,26.79988
1388,26.72364
1389,26.63564
1390,26.53664
1391,26.42322
1392,26.2981
1393,26.16722
1394,26.03558
1395,25.89904
1396,25.75928
1397,25.61984
1398,25.4825
1399,25.34476
1400,25.2088
1401,25.07722
1402,24.9498
1403,24.8256
1404,24.70618
1405,24.59296
1406,24.48162
1407,24.37584
1408,24.28334
1409,24.20964
1410,24.14806
1411,24.10302
1412,24.08132
1413,24.08864
1414,24.12286
1415,24.17894
1416,24.25188
1417,24.34272
1418,24.45238
1419,24.57602
1420,24.709
1421,24.8579
1422,25.01872
1423,25.18066
1424,25.33518
1425,25.48798
1426,25.63828
1427,25.78344
1428,25.92278
1429,26.05784
1430,26.18666
1431,26.3072
1432,26.42074
1433,26.52734
1434,26.62428
1435,26.70886
1436,26.78046
1437,26.84106
1438,26.8929
1439,26.93668
1440,26.9695
1441,26.99584
1442,27.0209
1443,27.04658
1444,27.0703
1445,27.092
1446,27.11174
1447,27.12936
1448,27.14498
1449,27.15908
1450,27.17178
1451,27.18144
1452,27.1902
1453,27.20084
1454,27.21556
1455,27.23324
1456,27.25226
1457,27.2711
1458,27.29014
1459,27.30974
1460,27.3281
1461,27.34334
1462,27.35492
1463,27.36452
1464,27.3741
1465,27.38488
1466,27.3953
1467,27.40672
1468,27.4208
1469,27.43912
1470,27.46074
1471,27.48312
1472,27.50392
1473,27.5233
1474,27.54208
1475,27.56036
1476,27.57818
1477,27.59534
1478,27.6121
1479,27.62888
1480,27.64634
1481,27.66438
1482,27.68156
1483,27.69646
1484,27.70722
1485,27.7157
1486,27.72534
1487,27.73936
1488,27.75754
1489,27.77778
1490,27.79812
1491,27.81726
1492,27.83628
1493,27.85518
1494,27.87394
1495,27.89294
1496,27.91206
1497,27.9302
1498,27.9464
1499,27.96036
1500,27.97296
1501,27.98524
1502,27.99784
1503,28.00984
1504,28.02224
1505,28.03628
1506,28.05408
1507,28.0742
1508,28.09262
1509,28.10536
1510,28.11126
1511,28.11386
1512,28.11734
1513,28.1249
1514,28.13492
1515,28.1462
1516,28.15774
1517,28.1699
1518,28.18314
1519,28.19546
1520,28.20504
1521,28.21036
1522,28.21366
1523,28.2182
1524,28.22672
1525,28.2386
1526,28.25132
1527,28.2624
1528,28.27038
1529,28.27646
1530,28.28236
1531,28.28964
1532,28.29814
1533,28.3074
1534,28.31734
1535,28.3284
1536,28.34142
1537,28.3542
1538,28.36446
1539,28.37064
1540,28.37404
1541,28.37626
1542,28.37866
1543,28.37944
1544,28.38006
1545,28.38326
1546,28.39148
1547,28.40396
1548,28.41888
1549,28.43446
1550,28.45148
1551,28.47014
1552,28.48764
1553,28.50144
1554,28.51184
1555,28.51982
1556,28.52588
1557,28.52962
1558,28.53032
1559,28.53042
1560,28.5325
1561,28.53826
1562,28.54596
1563,28.5531
1564,28.55768
1565,28.56182
1566,28.564
1567,28.56158
1568,28.5508
1569,28.53126
1570,28.5111
1571,28.49882
1572,28.49594
1573,28.49858
1574,28.50464
1575,28.513
1576,28.52782
1577,28.54388
1578,28.55366
1579,28.55
1580,28.5359
1581,28.52184
1582,28.51804
1583,28.52622
1584,28.54064
1585,28.5566
1586,28.57146
1587,28.58922
1588,28.60558
1589,28.61554
1590,28.6149
1591,28.60666
1592,28.5965
1593,28.58996
1594,28.5866
1595,28.58414
1596,28.5809
1597,28.57498
1598,28.56628
1599,28.5588
1600,28.55664
1601,28.56006
1602,28.56758
1603,28.57944
1604,28.59654
1605,28.62138
1606,28.6489
1607,28.673
1608,28.69046
1609,28.7044
1610,28.71524
1611,28.72308
1612,28.72564
1613,28.7252
1614,28.72616
1615,28.7323
1616,28.74244
1617,28.75372
1618,28.76336
1619,28.77074
1620,28.777
1621,28.78224
1622,28.7864
1623,28.78842
1624,28.78992
1625,28.79302
1626,28.7996
1627,28.80876
1628,28.81816
1629,28.8254
1630,28.8285
1631,28.8305
1632,28.83548
1633,28.84722
1634,28.86472
1635,28.88488
1636,28.90474
1637,28.92556
1638,28.94756
1639,28.96624
1640,28.9772
1641,28.98094
1642,28.97994
1643,28.97642
1644,28.96942
1645,28.95736
1646,28.9475
1647,28.94728
1648,28.9569
1649,28.97228
1650,28.99002
1651,29.00894
1652,29.03182
1653,29.05422
1654,29.07118
1655,29.08136
1656,29.08736
1657,29.09144
1658,29.09528
1659,29.09694
1660,29.09818
1661,29.1016
1662,29.10718
1663,29.11416
1664,29.12388
1665,29.13794
1666,29.15908
1667,29.1821
1668,29.20054
1669,29.21034
1670,29.21466
1671,29.21552
1672,29.2147
1673,29.21064
1674,29.20428
1675,29.19852
1676,29.19518
1677,29.19286
1678,29.19148
1679,29.19092
1680,29.19248
1681,29.19506
1682,29.196
1683,29.19304
1684,29.18688
1685,29.17908
1686,29.171
1687,29.16046
1688,29.14828
1689,29.14066
1690,29.14358
1691,29.15746
1692,29.17558
1693,29.19078
1694,29.2005
1695,29.20806
1696,29.21276
1697,29.21354
1698,29.20924
1699,29.20238
1700,29.19616
1701,29.19254
1702,29.18992
1703,29.18744
1704,29.18428
1705,29.17944
1706,29.17464
1707,29.17188
1708,29.17276
1709,29.17636
1710,29.18212
1711,29.18968
1712,29.20232
1713,29.21662
1714,29.22596
1715,29.22486
1716,29.21554
1717,29.20314
1718,29.19258
1719,29.18278
1720,29.17316
1721,29.16694
1722,29.16696
1723,29.17286
1724,29.18142
1725,29.18932
1726,29.19672
1727,29.2044
1728,29.21144
1729,29.2177
1730,29.22462
1731,29.22944
1732,29.22894
1733,29.221
1734,29.20772
1735,29.1922
1736,29.1766
1737,29.15852
1738,29.14036
1739,29.1255
1740,29.1159
1741,29.1095
1742,29.10356
1743,29.09574
1744,29.08714
1745,29.07796
1746,29.06806
1747,29.05646
1748,29.04374
1749,29.03228
1750,29.02438
1751,29.0208
1752,29.01776
1753,29.01116
1754,28.99776
1755,28.98062
1756,28.96512
1757,28.95608
1758,28.95202
1759,28.95096
1760,28.95124
1761,28.95406
1762,28.95914
1763,28.9627
1764,28.96136
1765,28.95606
1766,28.94844
1767,28.9398
1768,28.92898
1769,28.91636
1770,28.90552
1771,28.89946
1772,28.89684
1773,28.89716
1774,28.90048
1775,28.90918
1776,28.92184
1777,28.93266
1778,28.93668
1779,28.93538
1780,28.93084
1781,28.92452
1782,28.91454
1783,28.9022
1784,28.89216
1785,28.88832
1786,28.88966
1787,28.89294
1788,28.89508
1789,28.89546
1790,28.8955
1791,28.89594
1792,28.89668
1793,28.8966
1794,28.89866
1795,28.90658
1796,28.92468
1797,28.94686
1798,28.96374
1799,28.96846
1800,28.96474
1801,28.95632
1802,28.94632
1803,28.93262
1804,28.91652
1805,28.90208
1806,28.89348
1807,28.88912
1808,28.8825
1809,28.86678
1810,28.83904
1811,28.8067
1812,28.77892
1813,28.75888
1814,28.7426
1815,28.73144
1816,28.72734
1817,28.7331
1818,28.74272
1819,28.74846
1820,28.74814
1821,28.7449
1822,28.73926
1823,28.73126
1824,28.72006
1825,28.70714
1826,28.69438
1827,28.68212
1828,28.66962
1829,28.65654
1830,28.64152
1831,28.62328
1832,28.607
1833,28.5983
1834,28.59944
1835,28.60596
1836,28.61272
1837,28.6178
1838,28.62358
1839,28.62752
1840,28.6265
1841,28.61704
1842,28.60556
1843,28.60082
1844,28.60568
1845,28.61636
1846,28.63552
1847,28.66662
1848,28.71296
1849,28.7643
1850,28.80874
1851,28.84978
1852,28.88742
1853,28.91152
1854,28.91568
1855,28.906
1856,28.87642
1857,28.81956
1858,28.73976
1859,28.6343
1860,28.4945
1861,28.30664
1862,28.07374
1863,27.82724
1864,27.59456
1865,27.36084
1866,27.13254
1867,26.92522
1868,26.73934
1869,26.57112
1870,26.42988
1871,26.32434
1872,26.25336
1873,26.20708
1874,26.17634
1875,26.17716
1876,26.1937
1877,26.19216
1878,26.15308
1879,26.09208
1880,26.01268
1881,25.91682
1882,25.8931
1883,25.8858
1884,25.88644
1885,25.8847
1886,25.8744
1887,25.85278
1888,25.80908
1889,25.74532
1890,25.67744
1891,25.57976
1892,25.379
1893,25.17664
1894,24.97424
1895,24.76378
1896,24.5378
1897,24.29904
1898,24.05302
1899,23.79806
1900,23.53594
1901,23.2831
1902,23.03742
1903,22.80374
1904,22.60872
1905,22.45512
1906,22.33704
1907,22.25514
1908,22.21216
1909,22.19786
1910,22.20162
1911,22.22676
1912,22.27472
1913,22.3481
1914,22.44714
1915,22.55714
1916,22.6727
1917,22.79686
1918,22.92046
1919,23.04164
1920,23.16248
1921,23.28244
1922,23.40214
1923,23.52048
1924,23.63628
1925,23.75064
1926,23.8609
1927,23.96464
1928,24.06354
1929,24.15336
1930,24.22926
1931,24.2937
1932,24.3551
1933,24.41598
1934,24.4745
1935,24.53272
1936,24.59234
1937,24.65004
1938,24.70078
1939,24.74258
1940,24.7838
1941,24.8328
1942,24.88768
1943,24.94308
1944,24.99632
1945,25.04888
1946,25.09892
1947,25.147
1948,25.19186
1949,25.22834
1950,25.25244
1951,25.2746
1952,25.3061
1953,25.34374
1954,25.38874
1955,25.446
1956,25.51492
1957,25.57968
1958,25.63054
1959,25.6743
1960,25.7169
1961,25.75672
1962,25.79712
1963,25.84776
1964,25.91166
1965,25.97522
1966,26.02584
1967,26.06744
1968,26.10262
1969,26.13048
1970,26.15132
1971,26.17508
1972,26.20678
1973,26.2417
1974,26.2756
1975,26.30684
1976,26.33976
1977,26.37908
1978,26.42458
1979,26.47254
1980,26.52268
1981,26.5752
1982,26.6205
1983,26.65254
1984,26.67722
1985,26.70216
1986,26.7257
1987,26.75038
1988,26.7815
1989,26.81948
1990,26.85724
1991,26.88846
1992,26.91622
1993,26.94888
1994,26.99142
1995,27.03892
1996,27.08528
1997,27.1306
1998,27.1755
1999,27.21894
2000,27.2603
2001,27.30348
2002,27.35268
2003,27.40568
2004,27.45606
2005,27.50316
2006,27.54718
2007,27.585
2008,27.61536
2009,27.64184
2010,27.66748
2011,27.69114
2012,27.71452
2013,27.73534
2014,27.75644
2015,27.79178
2016,27.84912
2017,27.91378
2018,27.96876
2019,28.0174
2020,28.0579
2021,28.08334
2022,28.09542
2023,28.1123
2024,28.14224
2025,28.17856
2026,28.21816
2027,28.26336
2028,28.30882
2029,28.34732
2030,28.38048
2031,28.41284
2032,28.44576
2033,28.47882
2034,28.51566
2035,28.55946
2036,28.60394
2037,28.64116
2038,28.67182
2039,28.7007
2040,28.73084
2041,28.7608
2042,28.78954
2043,28.81888
2044,28.84568
2045,28.86324
2046,28.86942
2047,28.87424
2048,28.8866
2049,28.90312
2050,28.92028
2051,28.93864
2052,28.95668
2053,28.96768
2054,28.96602
2055,28.96676
2056,28.98786
2057,29.0263
2058,29.0632
2059,29.08964
2060,29.11258
2061,29.13602
2062,29.15752
2063,29.1826
2064,29.22238
2065,29.27768
2066,29.31828
2067,29.32204
2068,29.30444
2069,29.286
2070,29.262
2071,29.24296
2072,29.24794
2073,29.27482
2074,29.29446
2075,29.29132
2076,29.27848
2077,29.26722
2078,29.25414
2079,29.24592
2080,29.25574
2081,29.28296
2082,29.30044
2083,29.29384
2084,29.27538
2085,29.25592
2086,29.23538
2087,29.21218
2088,29.18844
2089,29.16406
2090,29.12774
2091,29.06426
2092,28.99236
2093,28.9489
2094,28.93554
2095,28.93154
2096,28.9275
2097,28.92812
2098,28.90282
2099,28.83144
2100,28.74208
2101,28.66804
2102,28.60204
2103,28.54672
2104,28.50976
2105,28.48686
2106,28.46166
2107,28.43214
2108,28.40062
2109,28.36536
2110,28.3264
2111,28.28726
2112,28.24652
2113,28.20716
2114,28.17966
2115,28.16838
2116,28.16066
2117,28.14794
2118,28.13362
2119,28.10336
2120,28.04278
2121,27.974
2122,27.92548
2123,27.88856
2124,27.87976
2125,27.92676
2126,28.00456
2127,28.0466
2128,28.04688
2129,28.02676
2130,27.9902
2131,27.93408
2132,27.8978
2133,27.90738
2134,27.93718
2135,27.95496
2136,27.96536
2137,27.96416
2138,27.9395
2139,27.89856
2140,27.8677
2141,27.85008
2142,27.83658
2143,27.82416
2144,27.81424
2145,27.79502
2146,27.76078
2147,27.7187
2148,27.67598
2149,27.63124
2150,27.584
2151,27.53476
2152,27.48294
2153,27.4264
2154,27.36584
2155,27.29966
2156,27.22592
2157,27.14508
2158,27.05684
2159,26.95822
2160,26.85622
2161,26.75922
2162,26.66452
2163,26.57526
2164,26.49676
2165,26.4224
2166,26.3399
2167,26.25112
2168,26.15302
2169,26.04142
2170,25.91954
2171,25.79196
2172,25.65908
2173,25.51896
2174,25.37062
2175,25.2147
2176,25.05098
2177,24.87482
2178,24.69656
2179,24.52984
2180,24.37136
2181,24.21828
2182,24.0771
2183,23.93506
2184,23.76894
2185,23.5799
2186,23.38484
2187,23.18736
2188,22.9886
2189,22.80096
2190,22.62484
2191,22.45466
2192,22.28838
2193,22.12644
2194,21.96644
2195,21.80984
2196,21.6518
2197,21.48708
2198,21.31846
2199,21.15258
2200,20.98512
2201,20.82926
2202,20.69964
2203,20.58882
2204,20.48424
2205,20.38806
2206,20.29348
2207,20.19026
2208,20.08174
2209,19.96576
2210,19.83552
2211,19.707
2212,19.59842
2213,19.50364
2214,19.41702
2215,19.33932
2216,19.26792
2217,19.19652
2218,19.12654
2219,19.05984
2220,18.99394
2221,18.93454
2222,18.88938
2223,18.8557
2224,18.84524
2225,18.86394
2226,18.90478
2227,18.9619
2228,19.03692
2229,19.12642
2230,19.23024
2231,19.34702
2232,19.47364
2233,19.611
2234,19.75744
2235,19.91812
2236,20.08208
2237,20.23212
2238,20.37222
2239,20.50358
2240,20.62664
2241,20.74036
2242,20.84304
2243,20.93504
2244,21.01702
2245,21.08722
2246,21.14932
2247,21.20852
2248,21.26322
2249,21.31738
2250,21.36954
2251,21.42436
2252,21.48876
2253,21.56044
2254,21.63488
2255,21.71278
2256,21.79154
2257,21.86638
2258,21.939
2259,22.01432
2260,22.0941
2261,22.17336
2262,22.24818
2263,22.3203
2264,22.39072
2265,22.45876
2266,22.52696
2267,22.59888
2268,22.67158
2269,22.7395
2270,22.8039
2271,22.86004
2272,22.90062
2273,22.93508
2274,22.98056
2275,23.03656
2276,23.08786
2277,23.13158
2278,23.1675
2279,23.18982
2280,23.1994
2281,23.1996
2282,23.1901
2283,23.17356
2284,23.1529
2285,23.12718
2286,23.1013
2287,23.07438
2288,23.04986
2289,23.0336
2290,23.02198
2291,23.00414
2292,22.98068
2293,22.95092
2294,22.91232
2295,22.8682
2296,22.82492
2297,22.78242
2298,22.73338
2299,22.67422
2300,22.60924
2301,22.54246
2302,22.47264
2303,22.39698
2304,22.31586
2305,22.22856
2306,22.13174
2307,22.0282
2308,21.92964
2309,21.83498
2310,21.7471
2311,21.6732
2312,21.60272
2313,21.51802
2314,21.42262
2315,21.31772
2316,21.20084
2317,21.07876
2318,20.96136
2319,20.84276
2320,20.70564
2321,20.54802
2322,20.38348
2323,20.21006
2324,20.03956
2325,19.90264
2326,19.79372
2327,19.69486
2328,19.60404
2329,19.52058
2330,19.43862
2331,19.3619
2332,19.30376
2333,19.2707
2334,19.22906
2335,19.1597
2336,19.07592
2337,18.98284
2338,18.87838
2339,18.78558
2340,18.71164
2341,18.64588
2342,18.5807
2343,18.52052
2344,18.47268
2345,18.43546
2346,18.41466
2347,18.41684
2348,18.43104
2349,18.44364
2350,18.45912
2351,18.48408
2352,18.51904
2353,18.55954
2354,18.60504
2355,18.6539
2356,18.70158
2357,18.74906
2358,18.78966
2359,18.82104
2360,18.85006
2361,18.87968
2362,18.91004
2363,18.94794
2364,18.99408
2365,19.0354
2366,19.06676
2367,19.09676
2368,19.13176
2369,19.16928
2370,19.20774
2371,19.24712
2372,19.28848
2373,19.33268
2374,19.37832
2375,19.42788
2376,19.47668
2377,19.5022
2378,19.50456
2379,19.50536
2380,19.5102
2381,19.51804
2382,19.53542
2383,19.55818
2384,19.57342
2385,19.58006
2386,19.58602
2387,19.59472
2388,19.60254
2389,19.60608
2390,19.60746
2391,19.61192
2392,19.6193
2393,19.6273
2394,19.64122
2395,19.64706
2396,19.62568
2397,19.58562
2398,19.53768
2399,19.47938
2400,19.42678
2401,19.38612
2402,19.34776
2403,19.30738
2404,19.2652
2405,19.21418
2406,19.15538
2407,19.10688
2408,19.07178
2409,19.04286
2410,19.01878
2411,18.99782
2412,18.97076
2413,18.93908
2414,18.91076
2415,18.8906
2416,18.86174
2417,18.80992
2418,18.74986
2419,18.6961
2420,18.6451
2421,18.60416
2422,18.57588
2423,18.52466
2424,18.43442
2425,18.33454
2426,18.24166
2427,18.1525
2428,18.08116
2429,18.02534
2430,17.96092
2431,17.8827
2432,17.80384
2433,17.72626
2434,17.65626
2435,17.61032
2436,17.5795
2437,17.54316
2438,17.50156
2439,17.47238
2440,17.45914
2441,17.46158
2442,17.48866
2443,17.52338
2444,17.5374
2445,17.53882
2446,17.53868
2447,17.53648
2448,17.53552
2449,17.54294
2450,17.53972
2451,17.50568
2452,17.4551
2453,17.40574
2454,17.35492
2455,17.3219
2456,17.31072
2457,17.29782
2458,17.27456
2459,17.24568
2460,17.20514
2461,17.16454
2462,17.15102
2463,17.15682
2464,17.16808
2465,17.1862
2466,17.20368
2467,17.2167
2468,17.23068
2469,17.25098
2470,17.27208
2471,17.28418
2472,17.2896
2473,17.28984
2474,17.28492
2475,17.27544
2476,17.2608
2477,17.24278
2478,17.21684
2479,17.19594
2480,17.2035
2481,17.22794
2482,17.24882
2483,17.269
2484,17.28612
2485,17.29978
2486,17.31
2487,17.31834
2488,17.3201
2489,17.30946
2490,17.29034
2491,17.26626
2492,17.23748
2493,17.21232
2494,17.19084
2495,17.16492
2496,17.13688
2497,17.09168
2498,17.01122
2499,16.9288
2500,16.87018
