350,19.2752
351,19.02773
352,18.75723
353,18.4571
354,18.25817
355,18.1053
356,17.94733
357,17.87097
358,17.87623
359,17.9588
360,18.00933
361,18.0015
362,17.9065
363,17.72207
364,17.4544
365,17.16047
366,16.8586
367,16.57363
368,16.28783
369,16.03427
370,15.87763
371,15.73717
372,15.62267
373,15.63033
374,15.67243
375,15.7193
376,15.70677
377,15.67023
378,15.6346
379,15.58047
380,15.5002
381,15.3842
382,15.25547
383,15.10837
384,14.92177
385,14.7533
386,14.61437
387,14.5122
388,14.4428
389,14.40367
390,14.39677
391,14.45673
392,14.6075
393,14.78567
394,14.9735
395,15.15107
396,15.26993
397,15.3168
398,15.2788
399,15.1778
400,15.01083
401,14.74037
402,14.51557
403,14.36647
404,14.26233
405,14.21173
406,14.2106
407,14.2087
408,14.21897
409,14.24713
410,14.27997
411,14.32673
412,14.40027
413,14.46893
414,14.53237
415,14.59083
416,14.63643
417,14.67603
418,14.72803
419,14.77247
420,14.808
421,14.84703
422,14.86477
423,14.85503
424,14.84853
425,14.8442
426,14.84527
427,14.88707
428,14.93463
429,14.96233
430,15.0171
431,15.08233
432,15.1466
433,15.22763
434,15.31643
435,15.39767
436,15.53613
437,15.682
438,15.7702
439,15.83413
440,15.88073
441,15.91983
442,15.98257
443,16.0561
444,16.10353
445,16.14643
446,16.18813
447,16.2319
448,16.27103
449,16.30203
450,16.32313
451,16.29937
452,16.2387
453,16.22723
454,16.2299
455,16.23797
456,16.28933
457,16.28823
458,16.20863
459,16.20843
460,16.22937
461,16.2525
462,16.2862
463,16.31487
464,16.3327
465,16.35613
466,16.3765
467,16.38793
468,16.39987
469,16.4179
470,16.44657
471,16.45887
472,16.45917
473,16.45093
474,16.50237
475,16.55703
476,16.57333
477,16.53943
478,16.5105
479,16.52883
480,16.55777
481,16.59177
482,16.62527
483,16.67513
484,16.73203
485,16.78983
486,16.87607
487,16.95767
488,17.01037
489,17.08613
490,17.16373
491,17.22953
492,17.32127
493,17.41497
494,17.49383
495,17.59733
496,17.69563
497,17.76783
498,17.8749
499,17.98527
500,18.078
501,18.1953
502,18.30247
503,18.38883
504,18.48837
505,18.59407
506,18.70387
507,18.81733
508,18.91637
509,18.99997
510,19.14183
511,19.27413
512,19.38237
513,19.48993
514,19.61757
515,19.76453
516,19.90363
517,20.03927
518,20.1725
519,20.3028
520,20.46687
521,20.6482
522,20.799
523,20.9415
524,21.09123
525,21.2832
526,21.4535
527,21.61537
528,21.78947
529,21.97593
530,22.16297
531,22.3348
532,22.48813
533,22.66057
534,22.8799
535,23.0618
536,23.25013
537,23.46223
538,23.63297
539,23.82713
540,24.0608
541,24.2552
542,24.44897
543,24.64783
544,24.84507
545,25.0399
546,25.2277
547,25.393
548,25.59233
549,25.81083
550,26.01057
551,26.21107
552,26.40573
553,26.58827
554,26.75897
555,26.9396
556,27.14507
557,27.3194
558,27.49483
559,27.68373
560,27.88123
561,28.0753
562,28.2596
563,28.42703
564,28.58567
565,28.7377
566,28.88497
567,29.0455
568,29.20567
569,29.3513
570,29.49347
571,29.623
572,29.7388
573,29.872
574,29.98623
575,30.0794
576,30.1863
577,30.28937
578,30.39147
579,30.50607
580,30.60567
581,30.68413
582,30.7395
583,30.81483
584,30.8877
585,30.9476
586,31.00613
587,31.0724
588,31.13847
589,31.17087
590,31.2192
591,31.2715
592,31.29757
593,31.3187
594,31.35573
595,31.42233
596,31.44507
597,31.46803
598,31.49837
599,31.51783
600,31.51723
601,31.5125
602,31.5335
603,31.55587
604,31.58047
605,31.60587
606,31.59773
607,31.59323
608,31.5994
609,31.6
610,31.60003
611,31.59997
612,31.60023
613,31.61063
614,31.61167
615,31.59647
616,31.59207
617,31.5903
618,31.59187
619,31.60207
620,31.60537
621,31.6029
622,31.5959
623,31.5621
624,31.55207
625,31.57007
626,31.57983
627,31.5641
628,31.5362
629,31.51203
630,31.50303
631,31.50623
632,31.51067
633,31.4856
634,31.47333
635,31.47943
636,31.5046
637,31.51227
638,31.5025
639,31.48257
640,31.49463
641,31.50327
642,31.5076
643,31.5161
644,31.52223
645,31.5193
646,31.5092
647,31.5028
648,31.51577
649,31.52813
650,31.52073
651,31.52087
652,31.53783
653,31.563
654,31.5583
655,31.56833
656,31.58473
657,31.59717
658,31.61893
659,31.63673
660,31.65443
661,31.68337
662,31.70313
663,31.71903
664,31.73503
665,31.7569
666,31.76967
667,31.7789
668,31.79103
669,31.7994
670,31.8096
671,31.82683
672,31.86287
673,31.87497
674,31.88597
675,31.90867
676,31.93723
677,31.9577
678,31.96813
679,31.97097
680,32.01033
681,32.0379
682,32.05077
683,32.06327
684,32.089
685,32.12007
686,32.15173
687,32.18107
688,32.214
689,32.24757
690,32.2818
691,32.30717
692,32.34107
693,32.37577
694,32.40083
695,32.43863
696,32.47887
697,32.51637
698,32.54597
699,32.57133
700,32.6122
701,32.65857
702,32.68707
703,32.71943
704,32.7515
705,32.7842
706,32.82147
707,32.86117
708,32.89097
709,32.91117
710,32.93553
711,32.98847
712,33.04047
713,33.07713
714,33.09537
715,33.1324
716,33.1796
717,33.22263
718,33.2339
719,33.273
720,33.29937
721,33.30913
722,33.34383
723,33.40557
724,33.45553
725,33.4831
726,33.50717
727,33.52333
728,33.55327
729,33.5961
730,33.62843
731,33.6631
732,33.70717
733,33.75093
734,33.76847
735,33.766
736,33.7845
737,33.81757
738,33.83833
739,33.81013
740,33.82883
741,33.86723
742,33.87133
743,33.89477
744,33.92827
745,33.96097
746,33.98297
747,33.98647
748,34.0139
749,34.0316
750,34.0383
751,34.06563
752,34.06523
753,34.07727
754,34.08513
755,34.0642
756,34.0896
757,34.10203
758,34.1036
759,34.1069
760,34.1302
761,34.1388
762,34.13247
763,34.12483
764,34.1296
765,34.1362
766,34.14807
767,34.1579
768,34.15793
769,34.14253
770,34.10247
771,34.0869
772,34.09953
773,34.1222
774,34.11303
775,34.11427
776,34.11523
777,34.1094
778,34.0979
779,34.11307
780,34.10683
781,34.08503
782,34.05877
783,34.0243
784,34.0057
785,33.99483
786,33.99097
787,33.99033
788,33.96723
789,33.91553
790,33.86373
791,33.8395
792,33.85583
793,33.87093
794,33.9068
795,33.8982
796,33.86563
797,33.85543
798,33.82223
799,33.80853
800,33.76953
801,33.72687
802,33.7234
803,33.72983
804,33.68663
805,33.6669
806,33.65403
807,33.61247
808,33.57667
809,33.55837
810,33.52443
811,33.48317
812,33.45347
813,33.4492
814,33.4391
815,33.38583
816,33.34017
817,33.32053
818,33.29243
819,33.24197
820,33.19327
821,33.15333
822,33.1286
823,33.11397
824,33.08727
825,33.03227
826,32.9878
827,32.94257
828,32.90883
829,32.8888
830,32.84477
831,32.80873
832,32.7522
833,32.70787
834,32.67703
835,32.63207
836,32.61547
837,32.58203
838,32.53363
839,32.50787
840,32.4924
841,32.45617
842,32.4008
843,32.3757
844,32.34013
845,32.31517
846,32.27593
847,32.2162
848,32.19433
849,32.12043
850,32.07257
851,32.04387
852,32.01723
853,31.99757
854,31.99527
855,31.963
856,31.87103
857,31.83883
858,31.80533
859,31.7917
860,31.76667
861,31.68103
862,31.67403
863,31.6405
864,31.57577
865,31.5416
866,31.5195
867,31.4637
868,31.39643
869,31.4106
870,31.3543
871,31.2849
872,31.27003
873,31.277
874,31.24823
875,31.1977
876,31.17863
877,31.14047
878,31.0992
879,31.09053
880,31.09277
881,31.05787
882,31.05747
883,31.068
884,31.01633
885,30.96457
886,30.9433
887,30.95313
888,30.93563
889,30.94007
890,30.8857
891,30.86937
892,30.88113
893,30.84827
894,30.84267
895,30.82283
896,30.79787
897,30.76883
898,30.7319
899,30.7068
900,30.69373
901,30.6971
902,30.68837
903,30.6756
904,30.6682
905,30.61727
906,30.5686
907,30.58097
908,30.58317
909,30.5511
910,30.5104
911,30.50403
912,30.53997
913,30.53973
914,30.51393
915,30.51687
916,30.53127
917,30.5081
918,30.4652
919,30.43747
920,30.46857
921,30.44777
922,30.48277
923,30.4787
924,30.44463
925,30.4512
926,30.44307
927,30.46973
928,30.4657
929,30.49257
930,30.4991
931,30.52
932,30.58877
933,30.55043
934,30.50147
935,30.62277
936,30.65163
937,30.66193
938,30.65507
939,30.6628
940,30.66407
941,30.6826
942,30.5429
943,30.62227
944,30.60797
945,30.6809
946,30.6568
947,30.66843
948,30.63283
949,30.61613
950,30.56657
951,30.67503
952,30.63913
953,30.64257
954,30.64957
955,30.58147
956,30.58383
957,30.72083
958,30.70093
959,30.66363
960,30.64883
961,30.654
962,30.64
963,30.6708
964,30.59513
965,30.73273
966,30.59993
967,30.7817
968,30.6415
969,30.7489
970,30.71487
971,30.78553
972,30.7716
973,30.8414
974,30.8283
975,30.84027
976,30.84697
977,30.82757
978,30.80793
979,30.74613
980,30.7991
981,30.8821
982,30.6421
983,30.58803
984,30.79543
985,30.55507
986,30.50163
987,30.49133
988,30.42667
989,30.43027
990,30.43423
991,30.38563
992,30.33847
993,30.35463
994,30.27557
995,30.30453
996,30.34723
997,30.39087
998,30.43327
999,30.4736
1000,30.5101
1001,30.5411
1002,30.5667
1003,30.58847
1004,30.60803
1005,30.62643
1006,30.6418
1007,30.6556
1008,30.67
1009,30.6865
1010,30.70377
1011,30.72193
1012,30.7415
1013,30.76343
1014,30.78873
1015,30.81457
1016,30.83767
1017,30.85537
1018,30.8687
1019,30.8805
1020,30.89353
1021,30.90977
1022,30.92777
1023,30.94607
1024,30.96327
1025,30.9787
1026,30.9933
1027,31.0068
1028,31.01897
1029,31.02857
1030,31.0359
1031,31.0435
1032,31.0542
1033,31.06897
1034,31.0863
1035,31.10513
1036,31.12437
1037,31.14417
1038,31.16497
1039,31.1861
1040,31.20697
1041,31.22673
1042,31.24613
1043,31.26673
1044,31.28993
1045,31.31727
1046,31.3468
1047,31.37563
1048,31.40107
1049,31.42337
1050,31.44363
1051,31.46207
1052,31.47853
1053,31.49113
1054,31.50197
1055,31.51447
1056,31.53193
1057,31.55373
1058,31.57817
1059,31.6038
1060,31.6295
1061,31.656
1062,31.6834
1063,31.71163
1064,31.7406
1065,31.77057
1066,31.8012
1067,31.83207
1068,31.8633
1069,31.89607
1070,31.92833
1071,31.95793
1072,31.98253
1073,32.0026
1074,32.02123
1075,32.04143
1076,32.06453
1077,32.08873
1078,32.1145
1079,32.14267
1080,32.17447
1081,32.20943
1082,32.2451
1083,32.27883
1084,32.30933
1085,32.3383
1086,32.36713
1087,32.3975
1088,32.43037
1089,32.4645
1090,32.49813
1091,32.52967
1092,32.5593
1093,32.58763
1094,32.61473
1095,32.6405
1096,32.66367
1097,32.6856
1098,32.70857
1099,32.7347
1100,32.7645
1101,32.79583
1102,32.82617
1103,32.85333
1104,32.87713
1105,32.9001
1106,32.92493
1107,32.95403
1108,32.98643
1109,33.02053
1110,33.05463
1111,33.088
1112,33.12197
1113,33.15543
1114,33.1873
1115,33.21607
1116,33.24213
1117,33.26793
1118,33.2957
1119,33.32647
1120,33.35897
1121,33.3928
1122,33.42777
1123,33.46463
1124,33.5032
1125,33.54163
1126,33.5781
1127,33.61193
1128,33.6443
1129,33.6764
1130,33.70927
1131,33.74293
1132,33.7769
1133,33.81077
1134,33.84433
1135,33.87787
1136,33.9112
1137,33.94407
1138,33.97627
1139,34.00803
1140,34.03923
1141,34.06947
1142,34.09853
1143,34.12643
1144,34.15347
1145,34.17987
1146,34.20553
1147,34.22977
1148,34.2539
1149,34.27973
1150,34.3083
1151,34.33897
1152,34.37053
1153,34.4017
1154,34.43147
1155,34.46037
1156,34.49023
1157,34.52273
1158,34.55913
1159,34.59817
1160,34.63807
1161,34.6769
1162,34.71603
1163,34.75527
1164,34.79203
1165,34.82373
1166,34.84817
1167,34.86917
1168,34.89173
1169,34.92033
1170,34.95407
1171,34.99067
1172,35.0284
1173,35.0663
1174,35.10663
1175,35.1472
1176,35.18477
1177,35.217
1178,35.2453
1179,35.27043
1180,35.29307
1181,35.31203
1182,35.3263
1183,35.3404
1184,35.359
1185,35.3848
1186,35.41527
1187,35.44763
1188,35.47903
1189,35.5107
1190,35.54303
1191,35.5733
1192,35.59897
1193,35.6173
1194,35.6318
1195,35.64797
1196,35.67117
1197,35.7021
1198,35.73683
1199,35.77127
1200,35.80203
1201,35.83143
1202,35.8594
1203,35.88533
1204,35.90783
1205,35.92587
1206,35.943
1207,35.96337
1208,35.99003
1209,36.0212
1210,36.05357
1211,36.08377
1212,36.11127
1213,36.13787
1214,36.16187
1215,36.18153
1216,36.19527
1217,36.20477
1218,36.2132
1219,36.2235
1220,36.2341
1221,36.245
1222,36.25843
1223,36.2765
1224,36.29947
1225,36.32537
1226,36.35207
1227,36.37823
1228,36.40613
1229,36.4337
1230,36.4583
1231,36.4773
1232,36.49163
1233,36.504
1234,36.51703
1235,36.532
1236,36.54733
1237,36.56277
1238,36.57777
1239,36.59267
1240,36.6074
1241,36.62133
1242,36.63373
1243,36.64403
1244,36.65303
1245,36.66183
1246,36.67147
1247,36.68167
1248,36.69217
1249,36.70283
1250,36.71333
1251,36.7227
1252,36.73277
1253,36.74557
1254,36.76283
1255,36.7839
1256,36.80703
1257,36.8303
1258,36.8547
1259,36.8811
1260,36.90563
1261,36.9245
1262,36.934
1263,36.93717
1264,36.9402
1265,36.949
1266,36.96423
1267,36.98277
1268,37.002
1269,37.02013
1270,37.039
1271,37.05757
1272,37.07367
1273,37.08473
1274,37.09033
1275,37.09463
1276,37.10237
1277,37.11703
1278,37.13663
1279,37.15733
1280,37.17523
1281,37.18877
1282,37.20007
1283,37.20957
1284,37.2178
1285,37.22403
1286,37.22857
1287,37.23277
1288,37.238
1289,37.24473
1290,37.25167
1291,37.25717
1292,37.2592
1293,37.2555
1294,37.25157
1295,37.25383
1296,37.26783
1297,37.29143
1298,37.31903
1299,37.34513
1300,37.36933
1301,37.3943
1302,37.4162
1303,37.431
1304,37.43587
1305,37.43423
1306,37.4313
1307,37.4319
1308,37.4344
1309,37.4379
1310,37.4428
1311,37.44987
1312,37.4592
1313,37.46987
1314,37.4808
1315,37.49183
1316,37.5042
1317,37.5158
1318,37.5243
1319,37.5277
1320,37.52727
1321,37.52617
1322,37.5276
1323,37.53137
1324,37.53637
1325,37.54323
1326,37.5527
1327,37.56683
1328,37.5829
1329,37.59673
1330,37.60473
1331,37.6083
1332,37.6089
1333,37.60767
1334,37.60537
1335,37.60147
1336,37.59553
1337,37.58713
1338,37.5748
1339,37.55937
1340,37.54373
1341,37.5308
1342,37.51943
1343,37.5093
1344,37.5018
1345,37.49867
1346,37.50257
1347,37.50873
1348,37.51073
1349,37.5037
1350,37.49007
1351,37.47217
1352,37.45197
1353,37.42887
1354,37.40133
1355,37.374
1356,37.3517
1357,37.33467
1358,37.32097
1359,37.31063
1360,37.30363
1361,37.3001
1362,37.29987
1363,37.3028
1364,37.3091
1365,37.32007
1366,37.3335
1367,37.3467
1368,37.36017
1369,37.37607
1370,37.38867
1371,37.3919
1372,37.38357
1373,37.367
1374,37.34417
1375,37.31697
1376,37.28187
1377,37.24127
1378,37.20133
1379,37.1674
1380,37.1384
1381,37.11077
1382,37.08127
1383,37.04967
1384,37.01967
1385,36.9838
1386,36.93407
1387,36.86893
1388,36.79223
1389,36.70347
1390,36.60207
1391,36.48507
1392,36.3554
1393,36.21853
1394,36.07903
1395,35.9334
1396,35.78273
1397,35.63
1398,35.47603
1399,35.3184
1400,35.16083
1401,35.0076
1402,34.85773
1403,34.71013
1404,34.5685
1405,34.43633
1406,34.3084
1407,34.18833
1408,34.0854
1409,34.00647
1410,33.94583
1411,33.90497
1412,33.88717
1413,33.896
1414,33.93143
1415,33.9881
1416,34.0605
1417,34.15057
1418,34.2592
1419,34.37917
1420,34.50377
1421,34.6392
1422,34.78263
1423,34.92447
1424,35.05663
1425,35.18337
1426,35.30573
1427,35.42357
1428,35.5371
1429,35.6467
1430,35.75087
1431,35.84833
1432,35.9409
1433,36.02793
1434,36.1059
1435,36.17123
1436,36.22187
1437,36.26193
1438,36.29673
1439,36.32943
1440,36.35627
1441,36.37997
1442,36.4042
1443,36.43157
1444,36.46013
1445,36.4864
1446,36.50693
1447,36.52013
1448,36.52893
1449,36.53713
1450,36.54807
1451,36.56037
1452,36.57343
1453,36.58703
1454,36.60147
1455,36.61673
1456,36.63243
1457,36.64817
1458,36.66367
1459,36.67927
1460,36.69513
1461,36.71177
1462,36.72893
1463,36.7466
1464,36.76473
1465,36.78303
1466,36.8008
1467,36.81967
1468,36.8414
1469,36.86783
1470,36.89793
1471,36.92847
1472,36.9562
1473,36.98113
1474,37.00457
1475,37.02717
1476,37.0496
1477,37.07183
1478,37.09327
1479,37.11303
1480,37.13023
1481,37.14517
1482,37.15947
1483,37.17497
1484,37.19027
1485,37.20583
1486,37.22433
1487,37.24877
1488,37.28177
1489,37.31747
1490,37.34867
1491,37.36987
1492,37.38383
1493,37.39467
1494,37.4064
1495,37.4179
1496,37.42833
1497,37.44193
1498,37.46307
1499,37.4936
1500,37.52897
1501,37.56347
1502,37.59357
1503,37.62293
1504,37.64923
1505,37.66917
1506,37.67997
1507,37.68417
1508,37.68643
1509,37.691
1510,37.69543
1511,37.70027
1512,37.70817
1513,37.72187
1514,37.74163
1515,37.76327
1516,37.78253
1517,37.797
1518,37.80907
1519,37.8204
1520,37.83277
1521,37.84583
1522,37.8592
1523,37.87307
1524,37.88843
1525,37.90667
1526,37.9238
1527,37.9352
1528,37.9376
1529,37.93353
1530,37.9271
1531,37.92217
1532,37.91557
1533,37.90893
1534,37.90763
1535,37.91627
1536,37.93383
1537,37.95597
1538,37.9784
1539,38.00117
1540,38.02617
1541,38.0488
1542,38.0647
1543,38.07347
1544,38.0779
1545,38.0805
1546,38.0823
1547,38.0806
1548,38.07927
1549,38.0828
1550,38.09373
1551,38.1093
1552,38.1261
1553,38.14087
1554,38.15593
1555,38.17023
1556,38.18093
1557,38.18553
1558,38.18477
1559,38.1816
1560,38.17923
1561,38.17847
1562,38.17787
1563,38.17687
1564,38.1752
1565,38.1733
1566,38.1708
1567,38.16713
1568,38.16127
1569,38.15283
1570,38.1447
1571,38.13993
1572,38.1411
1573,38.1453
1574,38.14767
1575,38.1439
1576,38.13487
1577,38.12247
1578,38.1082
1579,38.0895
1580,38.06473
1581,38.04477
1582,38.0406
1583,38.05707
1584,38.08493
1585,38.11303
1586,38.1339
1587,38.15423
1588,38.17097
1589,38.17977
1590,38.17613
1591,38.16277
1592,38.1469
1593,38.13537
1594,38.12713
1595,38.11993
1596,38.1128
1597,38.1048
1598,38.09587
1599,38.088
1600,38.08317
1601,38.08073
1602,38.0806
1603,38.0845
1604,38.09433
1605,38.11083
1606,38.1308
1607,38.15063
1608,38.16883
1609,38.18747
1610,38.2051
1611,38.21993
1612,38.23127
1613,38.24047
1614,38.24953
1615,38.26043
1616,38.2735
1617,38.2852
1618,38.2919
1619,38.29033
1620,38.2835
1621,38.27647
1622,38.27393
1623,38.27393
1624,38.27603
1625,38.28063
1626,38.28937
1627,38.3022
1628,38.31513
1629,38.32417
1630,38.3271
1631,38.32773
1632,38.331
1633,38.34157
1634,38.35893
1635,38.3777
1636,38.3924
1637,38.40137
1638,38.4072
1639,38.41047
1640,38.41167
1641,38.4096
1642,38.4056
1643,38.4017
1644,38.3975
1645,38.3917
1646,38.38907
1647,38.39437
1648,38.40867
1649,38.42817
1650,38.4488
1651,38.46963
1652,38.49407
1653,38.5159
1654,38.52847
1655,38.52823
1656,38.52007
1657,38.51053
1658,38.50477
1659,38.49937
1660,38.49537
1661,38.49487
1662,38.49893
1663,38.50637
1664,38.51603
1665,38.52743
1666,38.5435
1667,38.5603
1668,38.57223
1669,38.57573
1670,38.5734
1671,38.56753
1672,38.56017
1673,38.54993
1674,38.53743
1675,38.52523
1676,38.51463
1677,38.50403
1678,38.49487
1679,38.48857
1680,38.48707
1681,38.48827
1682,38.4887
1683,38.48663
1684,38.48543
1685,38.48043
1686,38.4662
1687,38.43533
1688,38.39363
1689,38.3558
1690,38.33407
1691,38.3233
1692,38.3206
1693,38.32517
1694,38.3418
1695,38.36983
1696,38.3944
1697,38.4014
1698,38.39173
1699,38.37397
1700,38.3559
1701,38.34113
1702,38.32553
1703,38.31103
1704,38.29973
1705,38.2922
1706,38.28667
1707,38.28107
1708,38.274
1709,38.2662
1710,38.2587
1711,38.25223
1712,38.24913
1713,38.2466
1714,38.23987
1715,38.22437
1716,38.2014
1717,38.1766
1718,38.15597
1719,38.14063
1720,38.1279
1721,38.11607
1722,38.10357
1723,38.09073
1724,38.07907
1725,38.07023
1726,38.06323
1727,38.0585
1728,38.0585
1729,38.06723
1730,38.08737
1731,38.1079
1732,38.11677
1733,38.1086
1734,38.0899
1735,38.06663
1736,38.04247
1737,38.01127
1738,37.98097
1739,37.9619
1740,37.96217
1741,37.97417
1742,37.9848
1743,37.9834
1744,37.97623
1745,37.9622
1746,37.93817
1747,37.89643
1748,37.8425
1749,37.79297
1750,37.7627
1751,37.7487
1752,37.74187
1753,37.73363
1754,37.7216
1755,37.7094
1756,37.6984
1757,37.68983
1758,37.68403
1759,37.67907
1760,37.67307
1761,37.66537
1762,37.65687
1763,37.6479
1764,37.6383
1765,37.62653
1766,37.61567
1767,37.6094
1768,37.60997
1769,37.61503
1770,37.62133
1771,37.6264
1772,37.6319
1773,37.6371
1774,37.6405
1775,37.64193
1776,37.64187
1777,37.64027
1778,37.6371
1779,37.63277
1780,37.62647
1781,37.6174
1782,37.60297
1783,37.58563
1784,37.5708
1785,37.5626
1786,37.55897
1787,37.55867
1788,37.56097
1789,37.56707
1790,37.57613
1791,37.58547
1792,37.59323
1793,37.6009
1794,37.6077
1795,37.6127
1796,37.61733
1797,37.6204
1798,37.61887
1799,37.60907
1800,37.59107
1801,37.57217
1802,37.55967
1803,37.554
1804,37.5522
1805,37.5529
1806,37.55737
1807,37.5668
1808,37.5737
1809,37.57073
1810,37.55697
1811,37.53727
1812,37.51627
1813,37.49393
1814,37.46867
1815,37.44623
1816,37.43197
1817,37.42567
1818,37.42387
1819,37.4235
1820,37.42647
1821,37.43237
1822,37.4344
1823,37.42657
1824,37.40973
1825,37.38813
1826,37.36597
1827,37.34197
1828,37.31617
1829,37.2923
1830,37.27267
1831,37.2551
1832,37.24153
1833,37.23453
1834,37.23867
1835,37.2478
1836,37.25183
1837,37.24417
1838,37.2294
1839,37.2114
1840,37.19347
1841,37.1713
1842,37.1492
1843,37.13507
1844,37.1323
1845,37.13737
1846,37.14973
1847,37.1715
1848,37.2094
1849,37.24753
1850,37.26663
1851,37.2651
1852,37.24933
1853,37.2191
1854,37.1753
1855,37.11973
1856,37.0456
1857,36.9457
1858,36.82157
1859,36.67363
1860,36.49927
1861,36.28613
1862,36.03437
1863,35.7816
1864,35.5627
1865,35.36793
1866,35.1898
1867,35.02723
1868,34.8736
1869,34.73357
1870,34.62237
1871,34.55687
1872,34.53893
1873,34.53933
1874,34.52797
1875,34.5167
1876,34.50133
1877,34.45847
1878,34.3691
1879,34.24323
1880,34.10353
1881,33.9703
1882,33.91883
1883,33.88407
1884,33.84913
1885,33.80877
1886,33.74793
1887,33.64383
1888,33.4736
1889,33.26043
1890,33.05287
1891,32.84727
1892,32.5897
1893,32.32787
1894,32.0712
1895,31.79137
1896,31.45627
1897,31.07573
1898,30.69413
1899,30.33013
1900,29.97173
1901,29.63257
1902,29.3166
1903,29.02137
1904,28.75047
1905,28.49097
1906,28.2668
1907,28.11763
1908,28.0494
1909,28.0232
1910,28.0029
1911,27.99843
1912,28.0148
1913,28.05357
1914,28.11473
1915,28.19237
1916,28.28843
1917,28.4006
1918,28.5095
1919,28.6048
1920,28.7006
1921,28.8149
1922,28.9528
1923,29.09893
1924,29.23833
1925,29.37843
1926,29.50677
1927,29.60593
1928,29.6786
1929,29.74387
1930,29.81217
1931,29.8778
1932,29.94737
1933,30.02833
1934,30.11263
1935,30.18427
1936,30.2392
1937,30.28533
1938,30.3281
1939,30.3624
1940,30.40023
1941,30.45617
1942,30.5274
1943,30.60143
1944,30.6721
1945,30.74287
1946,30.8065
1947,30.85677
1948,30.90033
1949,30.94893
1950,31.0036
1951,31.06
1952,31.11527
1953,31.1701
1954,31.2247
1955,31.2788
1956,31.33237
1957,31.38677
1958,31.44423
1959,31.5029
1960,31.55693
1961,31.60387
1962,31.6468
1963,31.68833
1964,31.72547
1965,31.76577
1966,31.8198
1967,31.88717
1968,31.94953
1969,31.99363
1970,32.02647
1971,32.0551
1972,32.0767
1973,32.09623
1974,32.1311
1975,32.18233
1976,32.2443
1977,32.31607
1978,32.40267
1979,32.4844
1980,32.54453
1981,32.59163
1982,32.6366
1983,32.6818
1984,32.7261
1985,32.77527
1986,32.8319
1987,32.889
1988,32.9392
1989,32.98357
1990,33.0248
1991,33.06007
1992,33.09067
1993,33.13543
1994,33.2075
1995,33.2934
1996,33.37357
1997,33.4498
1998,33.52097
1999,33.57927
2000,33.62123
2001,33.6697
2002,33.74693
2003,33.84123
2004,33.92287
2005,33.98193
2006,34.03003
2007,34.07397
2008,34.10793
2009,34.14463
2010,34.20213
2011,34.27743
2012,34.35207
2013,34.41557
2014,34.4746
2015,34.5327
2016,34.59177
2017,34.6485
2018,34.69927
2019,34.74573
2020,34.78407
2021,34.80537
2022,34.81153
2023,34.83083
2024,34.87797
2025,34.9399
2026,35.0058
2027,35.08123
2028,35.15393
2029,35.20587
2030,35.2403
2031,35.2743
2032,35.31933
2033,35.36747
2034,35.40843
2035,35.43743
2036,35.4638
2037,35.49753
2038,35.53657
2039,35.5799
2040,35.6309
2041,35.68757
2042,35.7345
2043,35.7658
2044,35.78857
2045,35.80823
2046,35.82167
2047,35.83653
2048,35.86187
2049,35.8946
2050,35.92577
2051,35.9509
2052,35.97383
2053,35.9974
2054,36.01903
2055,36.04453
2056,36.0837
2057,36.13637
2058,36.17933
2059,36.19643
2060,36.20327
2061,36.22187
2062,36.2548
2063,36.29237
2064,36.33
2065,36.37117
2066,36.4011
2067,36.40607
2068,36.39663
2069,36.39307
2070,36.39837
2071,36.4031
2072,36.3981
2073,36.38407
2074,36.37803
2075,36.38617
2076,36.40447
2077,36.43677
2078,36.49477
2079,36.54863
2080,36.56313
2081,36.54583
2082,36.51887
2083,36.48243
2084,36.44247
2085,36.42837
2086,36.44903
2087,36.47743
2088,36.49367
2089,36.5058
2090,36.50157
2091,36.46757
2092,36.41907
2093,36.38217
2094,36.35217
2095,36.33437
2096,36.34353
2097,36.37567
2098,36.38973
2099,36.37047
2100,36.33467
2101,36.2918
2102,36.23547
2103,36.18707
2104,36.16853
2105,36.16817
2106,36.15753
2107,36.12783
2108,36.09497
2109,36.07033
2110,36.0495
2111,36.0444
2112,36.07347
2113,36.11493
2114,36.12337
2115,36.08967
2116,36.04367
2117,36.0048
2118,35.9657
2119,35.9438
2120,35.9523
2121,35.97217
2122,35.97687
2123,35.9665
2124,35.96687
2125,35.99923
2126,36.04753
2127,36.08227
2128,36.1043
2129,36.11337
2130,36.10097
2131,36.0695
2132,36.04013
2133,36.0195
2134,36.00417
2135,36.00093
2136,36.01127
2137,36.0273
2138,36.04943
2139,36.0748
2140,36.0717
2141,36.02927
2142,35.97963
2143,35.9521
2144,35.93647
2145,35.9177
2146,35.89117
2147,35.86163
2148,35.83087
2149,35.79697
2150,35.76793
2151,35.7505
2152,35.73987
2153,35.72867
2154,35.72043
2155,35.7059
2156,35.6733
2157,35.62643
2158,35.5727
2159,35.51217
2160,35.44653
2161,35.37893
2162,35.30813
2163,35.238
2164,35.1718
2165,35.1063
2166,35.03747
2167,34.96717
2168,34.88933
2169,34.80027
2170,34.70187
2171,34.59203
2172,34.46737
2173,34.3376
2174,34.21037
2175,34.08277
2176,33.95853
2177,33.84277
2178,33.72453
2179,33.5911
2180,33.44547
2181,33.2889
2182,33.1216
2183,32.944
2184,32.756
2185,32.5558
2186,32.3524
2187,32.15047
2188,31.9469
2189,31.73977
2190,31.527
2191,31.31743
2192,31.1151
2193,30.91937
2194,30.73953
2195,30.58207
2196,30.419
2197,30.2274
2198,30.01777
2199,29.79713
2200,29.55553
2201,29.32383
2202,29.13227
2203,28.96677
2204,28.81483
2205,28.6817
2206,28.55347
2207,28.4096
2208,28.25687
2209,28.1055
2210,27.9499
2211,27.80617
2212,27.6979
2213,27.617
2214,27.54327
2215,27.47013
2216,27.40487
2217,27.3511
2218,27.308
2219,27.27463
2220,27.252
2221,27.2379
2222,27.2271
2223,27.21963
2224,27.2315
2225,27.26517
2226,27.3218
2227,27.41193
2228,27.53503
2229,27.6643
2230,27.7934
2231,27.92457
2232,28.0516
2233,28.1758
2234,28.29863
2235,28.42057
2236,28.54107
2237,28.6601
2238,28.77797
2239,28.89153
2240,29.0032
2241,29.107
2242,29.19353
2243,29.26533
2244,29.31787
2245,29.34503
2246,29.35673
2247,29.3643
2248,29.36423
2249,29.3687
2250,29.3779
2251,29.3953
2252,29.4299
2253,29.47873
2254,29.52753
2255,29.57227
2256,29.61957
2257,29.67657
2258,29.74047
2259,29.79373
2260,29.83707
2261,29.86737
2262,29.87513
2263,29.86653
2264,29.8651
2265,29.8725
2266,29.88463
2267,29.9041
2268,29.9268
2269,29.938
2270,29.93467
2271,29.93477
2272,29.94593
2273,29.96463
2274,29.9958
2275,30.04253
2276,30.077
2277,30.08743
2278,30.0854
2279,30.07717
2280,30.0606
2281,30.04473
2282,30.03523
2283,30.02103
2284,29.99053
2285,29.94737
2286,29.89803
2287,29.84033
2288,29.78253
2289,29.73697
2290,29.69577
2291,29.6345
2292,29.55103
2293,29.46107
2294,29.365
2295,29.27017
2296,29.2022
2297,29.16177
2298,29.11777
2299,29.06137
2300,28.99603
2301,28.91373
2302,28.81777
2303,28.733
2304,28.66687
2305,28.5983
2306,28.51057
2307,28.411
2308,28.30587
2309,28.19187
2310,28.0837
2311,27.99593
2312,27.91217
2313,27.80917
2314,27.69147
2315,27.56393
2316,27.41717
2317,27.27817
2318,27.1802
2319,27.10713
2320,27.02993
2321,26.9498
2322,26.86717
2323,26.77443
2324,26.6836
2325,26.61607
2326,26.5675
2327,26.53467
2328,26.5236
2329,26.51707
2330,26.49303
2331,26.46273
2332,26.44887
2333,26.45237
2334,26.46437
2335,26.48627
2336,26.5111
2337,26.5201
2338,26.51617
2339,26.51923
2340,26.5343
2341,26.55473
2342,26.5796
2343,26.6074
2344,26.6242
2345,26.62787
2346,26.6483
2347,26.69843
2348,26.76537
2349,26.84297
2350,26.9323
2351,27.0198
2352,27.1065
2353,27.18893
2354,27.26543
2355,27.33587
2356,27.39753
2357,27.45073
2358,27.4944
2359,27.52637
2360,27.55523
2361,27.58387
2362,27.61457
2363,27.66387
2364,27.73263
2365,27.79607
2366,27.851
2367,27.89557
2368,27.91883
2369,27.92853
2370,27.95077
2371,27.9856
2372,28.0098
2373,28.01833
2374,28.0092
2375,27.96817
2376,27.90643
2377,27.86003
2378,27.82613
2379,27.7974
2380,27.77297
2381,27.753
2382,27.73717
2383,27.7249
2384,27.7123
2385,27.6984
2386,27.68923
2387,27.68693
2388,27.69057
2389,27.7036
2390,27.72207
2391,27.7308
2392,27.7329
2393,27.7183
2394,27.67927
2395,27.62637
2396,27.56787
2397,27.50237
2398,27.43623
2399,27.36843
2400,27.30273
2401,27.24173
2402,27.17977
2403,27.1113
2404,27.04047
2405,26.9735
2406,26.90943
2407,26.84837
2408,26.79133
2409,26.73477
2410,26.678
2411,26.61877
2412,26.547
2413,26.4644
2414,26.3822
2415,26.30383
2416,26.21893
2417,26.1209
2418,26.01433
2419,25.89893
2420,25.7785
2421,25.67463
2422,25.58823
2423,25.48647
2424,25.35233
2425,25.2203
2426,25.11647
2427,25.02777
2428,24.94883
2429,24.88073
2430,24.80077
2431,24.70197
2432,24.60477
2433,24.5195
2434,24.4416
2435,24.3762
2436,24.31667
2437,24.23553
2438,24.13337
2439,24.0311
2440,23.92603
2441,23.83993
2442,23.8038
2443,23.7801
2444,23.71527
2445,23.62527
2446,23.54023
2447,23.45777
2448,23.39377
2449,23.3612
2450,23.33133
2451,23.28117
2452,23.2222
2453,23.1601
2454,23.0941
2455,23.03837
2456,22.99437
2457,22.95333
2458,22.91323
2459,22.8737
2460,22.83393
2461,22.7919
2462,22.7399
2463,22.68073
2464,22.62617
2465,22.57487
2466,22.53547
2467,22.51387
2468,22.4975
2469,22.4789
2470,22.45857
2471,22.42253
2472,22.37937
2473,22.3809
2474,22.42757
2475,22.46507
2476,22.4842
2477,22.48227
2478,22.43297
2479,22.3818
2480,22.4045
2481,22.46013
2482,22.4674
2483,22.43893
2484,22.37187
2485,22.25157
2486,22.13653
2487,22.05637
2488,21.9892
2489,21.93423
2490,21.87977
2491,21.78893
2492,21.67383
2493,21.56767
2494,21.4663
2495,21.40383
2496,21.3996
2497,21.38403
2498,21.31777
2499,21.24343
2500,21.17977
