Unnamed: 0,Unnamed: 1
350,9.83255
351,9.7056
352,9.58122
353,9.47143
354,9.38855
355,9.32685
356,9.2796
357,9.2806
358,9.31055
359,9.31892
360,9.32377
361,9.32407
362,9.30663
363,9.26928
364,9.21142
365,9.13577
366,9.03905
367,8.9137
368,8.81297
369,8.73363
370,8.67098
371,8.62213
372,8.59478
373,8.62323
374,8.66523
375,8.70647
376,8.72547
377,8.731
378,8.72945
379,8.70255
380,8.6501
381,8.57023
382,8.50657
383,8.45227
384,8.38112
385,8.32537
386,8.28937
387,8.26843
388,8.26422
389,8.27628
390,8.30447
391,8.34973
392,8.41163
393,8.49
394,8.57345
395,8.65075
396,8.6813
397,8.67195
398,8.64883
399,8.60935
400,8.55018
401,8.44857
402,8.38352
403,8.36547
404,8.35395
405,8.35165
406,8.35588
407,8.35333
408,8.35462
409,8.36678
410,8.39525
411,8.43235
412,8.46862
413,8.49012
414,8.49983
415,8.50112
416,8.49632
417,8.48863
418,8.48352
419,8.48062
420,8.48357
421,8.505
422,8.53988
423,8.5863
424,8.63032
425,8.67597
426,8.72218
427,8.7386
428,8.74387
429,8.7515
430,8.76465
431,8.77995
432,8.79495
433,8.81013
434,8.82635
435,8.84432
436,8.8749
437,8.90295
438,8.90752
439,8.91535
440,8.93287
441,8.97032
442,9.02192
443,9.0787
444,9.12228
445,9.16415
446,9.20263
447,9.22905
448,9.22463
449,9.19098
450,9.14835
451,9.13215
452,9.14587
453,9.162
454,9.17617
455,9.18572
456,9.2077
457,9.21012
458,9.18405
459,9.17672
460,9.18017
461,9.19097
462,9.19037
463,9.19063
464,9.19563
465,9.1958
466,9.195
467,9.19557
468,9.17635
469,9.17975
470,9.23722
471,9.29123
472,9.31737
473,9.29285
474,9.15357
475,9.02428
476,8.99992
477,9.0442
478,9.10043
479,9.1237
480,9.16212
481,9.18553
482,9.17303
483,9.1928
484,9.21633
485,9.22468
486,9.24812
487,9.2716
488,9.28502
489,9.3211
490,9.35513
491,9.36957
492,9.39627
493,9.43123
494,9.47228
495,9.50033
496,9.52892
497,9.56753
498,9.59883
499,9.63692
500,9.69152
501,9.73948
502,9.78738
503,9.83668
504,9.88055
505,9.9288
506,9.98527
507,10.04703
508,10.1042
509,10.154
510,10.21592
511,10.27487
512,10.32932
513,10.39068
514,10.45395
515,10.51797
516,10.5825
517,10.64343
518,10.70372
519,10.78095
520,10.85823
521,10.93302
522,11.00703
523,11.06492
524,11.12307
525,11.22618
526,11.31032
527,11.37958
528,11.44187
529,11.51588
530,11.59585
531,11.67377
532,11.7497
533,11.82732
534,11.90942
535,12.00022
536,12.07645
537,12.12518
538,12.1444
539,12.16523
540,12.20603
541,12.28278
542,12.3644
543,12.44333
544,12.52018
545,12.59215
546,12.65938
547,12.7215
548,12.79097
549,12.86202
550,12.92202
551,12.98035
552,13.03263
553,13.07535
554,13.12795
555,13.17782
556,13.21665
557,13.2664
558,13.31725
559,13.36483
560,13.40458
561,13.44925
562,13.4975
563,13.5355
564,13.57367
565,13.61387
566,13.65798
567,13.68848
568,13.71785
569,13.75853
570,13.7953
571,13.82397
572,13.84367
573,13.86747
574,13.89358
575,13.91992
576,13.9377
577,13.96105
578,13.9862
579,13.99948
580,14.01143
581,14.02073
582,14.02578
583,14.03455
584,14.04145
585,14.04572
586,14.06262
587,14.06938
588,14.06783
589,14.08157
590,14.08868
591,14.09473
592,14.11342
593,14.1176
594,14.11845
595,14.12398
596,14.13193
597,14.14707
598,14.16323
599,14.15855
600,14.14943
601,14.13687
602,14.11962
603,14.12095
604,14.1264
605,14.12567
606,14.12273
607,14.12198
608,14.12515
609,14.13352
610,14.12602
611,14.11073
612,14.09877
613,14.08748
614,14.08068
615,14.07828
616,14.06635
617,14.05797
618,14.05368
619,14.0512
620,14.04228
621,14.03315
622,14.03055
623,14.03122
624,14.0312
625,14.03057
626,14.03387
627,14.04372
628,14.05028
629,14.04577
630,14.06267
631,14.07937
632,14.08615
633,14.07628
634,14.05657
635,14.03597
636,14.0282
637,14.02342
638,14.0189
639,14.01427
640,14.01757
641,14.01967
642,14.01735
643,14.00787
644,14.0028
645,14.00345
646,14.00695
647,14.00437
648,13.99457
649,13.98683
650,13.99002
651,13.99497
652,14.0023
653,14.01158
654,14.0222
655,14.0284
656,14.03078
657,14.0306
658,14.0302
659,14.03218
660,14.03578
661,14.03868
662,14.04247
663,14.04527
664,14.04717
665,14.0552
666,14.05903
667,14.05512
668,14.04262
669,14.046
670,14.05562
671,14.06567
672,14.06753
673,14.07815
674,14.08608
675,14.08733
676,14.09782
677,14.11843
678,14.13647
679,14.14073
680,14.15107
681,14.1622
682,14.16797
683,14.16035
684,14.14985
685,14.14093
686,14.13833
687,14.14865
688,14.15543
689,14.16593
690,14.17853
691,14.17543
692,14.17957
693,14.19028
694,14.18812
695,14.20603
696,14.21577
697,14.22335
698,14.23787
699,14.25152
700,14.25765
701,14.26043
702,14.2691
703,14.27062
704,14.27438
705,14.28117
706,14.2858
707,14.27987
708,14.27885
709,14.28563
710,14.2879
711,14.29155
712,14.29038
713,14.28333
714,14.27358
715,14.27955
716,14.28563
717,14.28698
718,14.292
719,14.2885
720,14.28717
721,14.28823
722,14.2772
723,14.28123
724,14.28152
725,14.27218
726,14.26137
727,14.25312
728,14.25288
729,14.2582
730,14.25918
731,14.25355
732,14.24842
733,14.24752
734,14.2524
735,14.25298
736,14.25162
737,14.23945
738,14.21103
739,14.21653
740,14.20582
741,14.18243
742,14.16382
743,14.15332
744,14.12527
745,14.10765
746,14.1133
747,14.0992
748,14.08863
749,14.08288
750,14.07865
751,14.06875
752,14.04733
753,14.03702
754,14.0303
755,14.01257
756,14.00647
757,13.99272
758,13.98313
759,13.9833
760,13.97237
761,13.9611
762,13.94598
763,13.92735
764,13.90743
765,13.88803
766,13.87205
767,13.85552
768,13.83705
769,13.82412
770,13.79488
771,13.77745
772,13.7638
773,13.73602
774,13.71032
775,13.68887
776,13.6717
777,13.65748
778,13.64333
779,13.61637
780,13.59995
781,13.5824
782,13.55433
783,13.52768
784,13.51073
785,13.48687
786,13.46847
787,13.47138
788,13.46397
789,13.45297
790,13.42932
791,13.39695
792,13.36582
793,13.34377
794,13.32143
795,13.30287
796,13.28705
797,13.27128
798,13.25647
799,13.24515
800,13.22833
801,13.21025
802,13.19695
803,13.17072
804,13.15652
805,13.1198
806,13.08075
807,13.06535
808,13.05133
809,13.03315
810,13.0112
811,12.9902
812,12.97673
813,12.97505
814,12.95578
815,12.93188
816,12.90907
817,12.8931
818,12.88338
819,12.85698
820,12.83455
821,12.8342
822,12.82383
823,12.78638
824,12.77337
825,12.74552
826,12.73592
827,12.72307
828,12.71133
829,12.70687
830,12.69058
831,12.6718
832,12.6572
833,12.65308
834,12.64253
835,12.60642
836,12.59493
837,12.57145
838,12.55712
839,12.54002
840,12.51678
841,12.49712
842,12.4903
843,12.46335
844,12.46837
845,12.45315
846,12.42952
847,12.4229
848,12.41028
849,12.39622
850,12.37752
851,12.37008
852,12.35722
853,12.33515
854,12.31235
855,12.27373
856,12.2652
857,12.25108
858,12.23697
859,12.24093
860,12.23777
861,12.19642
862,12.19255
863,12.1648
864,12.16277
865,12.15653
866,12.1563
867,12.1571
868,12.14477
869,12.13935
870,12.13363
871,12.0977
872,12.11575
873,12.12418
874,12.10912
875,12.09085
876,12.07887
877,12.0769
878,12.07127
879,12.04455
880,12.04057
881,12.03872
882,12.03082
883,12.0267
884,12.02727
885,12.01283
886,11.98943
887,11.97853
888,11.9611
889,11.93617
890,11.9091
891,11.90268
892,11.89488
893,11.86347
894,11.8551
895,11.86327
896,11.83692
897,11.83995
898,11.84358
899,11.84272
900,11.83528
901,11.82395
902,11.82185
903,11.82502
904,11.82205
905,11.81982
906,11.80565
907,11.75413
908,11.76637
909,11.77795
910,11.76292
911,11.75043
912,11.75755
913,11.76055
914,11.76775
915,11.77928
916,11.77133
917,11.75738
918,11.75868
919,11.75597
920,11.75173
921,11.75773
922,11.72303
923,11.67963
924,11.71447
925,11.70015
926,11.70813
927,11.69803
928,11.69282
929,11.68442
930,11.67713
931,11.67052
932,11.6746
933,11.67005
934,11.6449
935,11.64592
936,11.65683
937,11.64873
938,11.61363
939,11.67367
940,11.62908
941,11.61053
942,11.59792
943,11.63948
944,11.59258
945,11.57393
946,11.62732
947,11.57762
948,11.60972
949,11.55152
950,11.51828
951,11.59162
952,11.6164
953,11.6154
954,11.59548
955,11.62547
956,11.57895
957,11.58523
958,11.61808
959,11.62373
960,11.64233
961,11.61098
962,11.5927
963,11.53752
964,11.60862
965,11.63745
966,11.60587
967,11.65502
968,11.6164
969,11.61188
970,11.60018
971,11.63707
972,11.61197
973,11.719
974,11.651
975,11.62008
976,11.6322
977,11.6472
978,11.70653
979,11.78325
980,11.75438
981,11.58557
982,11.57812
983,11.59758
984,11.56335
985,11.5708
986,11.55885
987,11.55277
988,11.54817
989,11.54853
990,11.54493
991,11.57892
992,11.58833
993,11.61123
994,11.58683
995,11.60715
996,11.62772
997,11.647
998,11.66718
999,11.68695
1000,11.70453
1001,11.71852
1002,11.72965
1003,11.73835
1004,11.74488
1005,11.74912
1006,11.74995
1007,11.74902
1008,11.74827
1009,11.74915
1010,11.75048
1011,11.75225
1012,11.75477
1013,11.75835
1014,11.7635
1015,11.76893
1016,11.77337
1017,11.77548
1018,11.77573
1019,11.77548
1020,11.7761
1021,11.77858
1022,11.78225
1023,11.78625
1024,11.78982
1025,11.79215
1026,11.79362
1027,11.79525
1028,11.79792
1029,11.80247
1030,11.80828
1031,11.81437
1032,11.81968
1033,11.824
1034,11.82778
1035,11.83118
1036,11.83425
1037,11.83683
1038,11.83898
1039,11.84098
1040,11.84323
1041,11.84528
1042,11.84732
1043,11.85
1044,11.85402
1045,11.85938
1046,11.86573
1047,11.87295
1048,11.88085
1049,11.8908
1050,11.90168
1051,11.9114
1052,11.91773
1053,11.92007
1054,11.92028
1055,11.92067
1056,11.92322
1057,11.9271
1058,11.93177
1059,11.93732
1060,11.94382
1061,11.95203
1062,11.96077
1063,11.96855
1064,11.97397
1065,11.9771
1066,11.97965
1067,11.98327
1068,11.98942
1069,11.99755
1070,12.00665
1071,12.01563
1072,12.02433
1073,12.03373
1074,12.04247
1075,12.04892
1076,12.05123
1077,12.04985
1078,12.04803
1079,12.04912
1080,12.055
1081,12.06385
1082,12.07382
1083,12.083
1084,12.0918
1085,12.10078
1086,12.10863
1087,12.11397
1088,12.11563
1089,12.11498
1090,12.11393
1091,12.11433
1092,12.11558
1093,12.11728
1094,12.12013
1095,12.1248
1096,12.13193
1097,12.14043
1098,12.14875
1099,12.15557
1100,12.16127
1101,12.1664
1102,12.17117
1103,12.17552
1104,12.17892
1105,12.18218
1106,12.1865
1107,12.19285
1108,12.201
1109,12.21002
1110,12.21897
1111,12.22737
1112,12.23598
1113,12.24427
1114,12.25157
1115,12.25735
1116,12.2619
1117,12.2659
1118,12.27018
1119,12.27485
1120,12.27955
1121,12.28448
1122,12.28985
1123,12.29593
1124,12.30245
1125,12.30907
1126,12.31545
1127,12.32177
1128,12.328
1129,12.33383
1130,12.33875
1131,12.34243
1132,12.34537
1133,12.34827
1134,12.35172
1135,12.35525
1136,12.359
1137,12.3636
1138,12.36975
1139,12.3782
1140,12.38745
1141,12.39588
1142,12.4019
1143,12.406
1144,12.40905
1145,12.4118
1146,12.41465
1147,12.4169
1148,12.41922
1149,12.42248
1150,12.42747
1151,12.43382
1152,12.44055
1153,12.44672
1154,12.45222
1155,12.45747
1156,12.46215
1157,12.46583
1158,12.46787
1159,12.46867
1160,12.46947
1161,12.47145
1162,12.47463
1163,12.47852
1164,12.48313
1165,12.48858
1166,12.49562
1167,12.50335
1168,12.51057
1169,12.51623
1170,12.52085
1171,12.52462
1172,12.5274
1173,12.52892
1174,12.52853
1175,12.52743
1176,12.52705
1177,12.52858
1178,12.53183
1179,12.53555
1180,12.53838
1181,12.53942
1182,12.53923
1183,12.53877
1184,12.53892
1185,12.53995
1186,12.5414
1187,12.54337
1188,12.54605
1189,12.54993
1190,12.55462
1191,12.55912
1192,12.56243
1193,12.56435
1194,12.56552
1195,12.56665
1196,12.56835
1197,12.57108
1198,12.57402
1199,12.57607
1200,12.57618
1201,12.57455
1202,12.57197
1203,12.56918
1204,12.56648
1205,12.56278
1206,12.55955
1207,12.5586
1208,12.5615
1209,12.56758
1210,12.5746
1211,12.58028
1212,12.5841
1213,12.58732
1214,12.58903
1215,12.5884
1216,12.5835
1217,12.576
1218,12.56927
1219,12.56668
1220,12.56905
1221,12.57415
1222,12.57983
1223,12.58442
1224,12.58935
1225,12.59405
1226,12.5973
1227,12.59765
1228,12.59435
1229,12.58998
1230,12.58737
1231,12.58885
1232,12.59342
1233,12.5989
1234,12.60328
1235,12.60602
1236,12.60823
1237,12.60927
1238,12.60842
1239,12.60413
1240,12.59733
1241,12.59098
1242,12.58807
1243,12.58905
1244,12.59217
1245,12.59592
1246,12.59893
1247,12.602
1248,12.60507
1249,12.60737
1250,12.60812
1251,12.60702
1252,12.6053
1253,12.6043
1254,12.60513
1255,12.60745
1256,12.60997
1257,12.61147
1258,12.61182
1259,12.61168
1260,12.61028
1261,12.60693
1262,12.60003
1263,12.59053
1264,12.58138
1265,12.5754
1266,12.5728
1267,12.57212
1268,12.57235
1269,12.57277
1270,12.5745
1271,12.57668
1272,12.57753
1273,12.57575
1274,12.57183
1275,12.56675
1276,12.56133
1277,12.55607
1278,12.55048
1279,12.54447
1280,12.53792
1281,12.53022
1282,12.5215
1283,12.513
1284,12.50608
1285,12.50073
1286,12.49648
1287,12.49322
1288,12.49088
1289,12.4898
1290,12.48965
1291,12.48987
1292,12.49012
1293,12.49078
1294,12.4916
1295,12.49197
1296,12.49137
1297,12.4899
1298,12.48827
1299,12.48703
1300,12.48715
1301,12.4882
1302,12.48853
1303,12.48652
1304,12.48207
1305,12.47585
1306,12.46793
1307,12.45817
1308,12.44433
1309,12.42898
1310,12.41607
1311,12.40898
1312,12.40617
1313,12.40663
1314,12.40982
1315,12.41633
1316,12.42742
1317,12.43958
1318,12.44897
1319,12.4539
1320,12.4564
1321,12.45725
1322,12.45722
1323,12.4556
1324,12.45255
1325,12.44957
1326,12.44808
1327,12.4483
1328,12.44923
1329,12.44965
1330,12.44867
1331,12.44667
1332,12.444
1333,12.44095
1334,12.43777
1335,12.4344
1336,12.43045
1337,12.42537
1338,12.41903
1339,12.41167
1340,12.40353
1341,12.39485
1342,12.3842
1343,12.37277
1344,12.36315
1345,12.35783
1346,12.35717
1347,12.35883
1348,12.3602
1349,12.35965
1350,12.35898
1351,12.35723
1352,12.353
1353,12.34442
1354,12.33188
1355,12.319
1356,12.30942
1357,12.30398
1358,12.3008
1359,12.29868
1360,12.29662
1361,12.29562
1362,12.2951
1363,12.29368
1364,12.28992
1365,12.28372
1366,12.27665
1367,12.27042
1368,12.26625
1369,12.26343
1370,12.26065
1371,12.25657
1372,12.25133
1373,12.24542
1374,12.23787
1375,12.22767
1376,12.2135
1377,12.19697
1378,12.18087
1379,12.1675
1380,12.15588
1381,12.14525
1382,12.13503
1383,12.12498
1384,12.1156
1385,12.10633
1386,12.09665
1387,12.08632
1388,12.07563
1389,12.06483
1390,12.05422
1391,12.04395
1392,12.03373
1393,12.02325
1394,12.0122
1395,12.00072
1396,11.98885
1397,11.97653
1398,11.96348
1399,11.94948
1400,11.9356
1401,11.92298
1402,11.91247
1403,11.90332
1404,11.89415
1405,11.8837
1406,11.87188
1407,11.85935
1408,11.84628
1409,11.83247
1410,11.81607
1411,11.80013
1412,11.78833
1413,11.7838
1414,11.7853
1415,11.78973
1416,11.79403
1417,11.79835
1418,11.80373
1419,11.80838
1420,11.81053
1421,11.80985
1422,11.80738
1423,11.80423
1424,11.80133
1425,11.79833
1426,11.79485
1427,11.79057
1428,11.78515
1429,11.77868
1430,11.77185
1431,11.76518
1432,11.75887
1433,11.75258
1434,11.74618
1435,11.73938
1436,11.73237
1437,11.72507
1438,11.7176
1439,11.70965
1440,11.70068
1441,11.6921
1442,11.68542
1443,11.68147
1444,11.67945
1445,11.67865
1446,11.6784
1447,11.67952
1448,11.68153
1449,11.68295
1450,11.68237
1451,11.67958
1452,11.67593
1453,11.67292
1454,11.67175
1455,11.67197
1456,11.67228
1457,11.6715
1458,11.66945
1459,11.66658
1460,11.6628
1461,11.65792
1462,11.65093
1463,11.64313
1464,11.63622
1465,11.63162
1466,11.62863
1467,11.62667
1468,11.62513
1469,11.62423
1470,11.62417
1471,11.62393
1472,11.62252
1473,11.61992
1474,11.6165
1475,11.61248
1476,11.60783
1477,11.60177
1478,11.5956
1479,11.59087
1480,11.58875
1481,11.58855
1482,11.58918
1483,11.58967
1484,11.59068
1485,11.59212
1486,11.5924
1487,11.58998
1488,11.58382
1489,11.5765
1490,11.57117
1491,11.57043
1492,11.57323
1493,11.57708
1494,11.57937
1495,11.57978
1496,11.57937
1497,11.57767
1498,11.57422
1499,11.56728
1500,11.55918
1501,11.55338
1502,11.55308
1503,11.55743
1504,11.56372
1505,11.56937
1506,11.57513
1507,11.58152
1508,11.58533
1509,11.5834
1510,11.5744
1511,11.5616
1512,11.54895
1513,11.5391
1514,11.52965
1515,11.52148
1516,11.51605
1517,11.51445
1518,11.51588
1519,11.5188
1520,11.5217
1521,11.52648
1522,11.53178
1523,11.53447
1524,11.53168
1525,11.52418
1526,11.51433
1527,11.50443
1528,11.49455
1529,11.48363
1530,11.47385
1531,11.4675
1532,11.46565
1533,11.46633
1534,11.46687
1535,11.46505
1536,11.46197
1537,11.45845
1538,11.45518
1539,11.45263
1540,11.45045
1541,11.44798
1542,11.44458
1543,11.43972
1544,11.43437
1545,11.42985
1546,11.42735
1547,11.4266
1548,11.42653
1549,11.42597
1550,11.42542
1551,11.42502
1552,11.42315
1553,11.41798
1554,11.40718
1555,11.39463
1556,11.38572
1557,11.38452
1558,11.3888
1559,11.39602
1560,11.40368
1561,11.41298
1562,11.42412
1563,11.43318
1564,11.4366
1565,11.43502
1566,11.43005
1567,11.42313
1568,11.41422
1569,11.40172
1570,11.38917
1571,11.38023
1572,11.37525
1573,11.37278
1574,11.37255
1575,11.37472
1576,11.38073
1577,11.38842
1578,11.39467
1579,11.3975
1580,11.3985
1581,11.39868
1582,11.39927
1583,11.39993
1584,11.40057
1585,11.40137
1586,11.40278
1587,11.4052
1588,11.40732
1589,11.40763
1590,11.40515
1591,11.40067
1592,11.39538
1593,11.3905
1594,11.38602
1595,11.38128
1596,11.37572
1597,11.36832
1598,11.35882
1599,11.34975
1600,11.3438
1601,11.34113
1602,11.34088
1603,11.34268
1604,11.34692
1605,11.35508
1606,11.36437
1607,11.3712
1608,11.37345
1609,11.37288
1610,11.3706
1611,11.36763
1612,11.3633
1613,11.3579
1614,11.35258
1615,11.34855
1616,11.34578
1617,11.34273
1618,11.33773
1619,11.32912
1620,11.3183
1621,11.30832
1622,11.30195
1623,11.29907
1624,11.29782
1625,11.29657
1626,11.29497
1627,11.29398
1628,11.29185
1629,11.28668
1630,11.2761
1631,11.26323
1632,11.25307
1633,11.25012
1634,11.2535
1635,11.25875
1636,11.26132
1637,11.26002
1638,11.25693
1639,11.25225
1640,11.24603
1641,11.23728
1642,11.22745
1643,11.21855
1644,11.2118
1645,11.20628
1646,11.20128
1647,11.19635
1648,11.19165
1649,11.18717
1650,11.18262
1651,11.178
1652,11.17345
1653,11.16863
1654,11.16295
1655,11.15502
1656,11.14608
1657,11.13908
1658,11.13665
1659,11.13858
1660,11.14255
1661,11.1463
1662,11.1496
1663,11.15327
1664,11.15627
1665,11.15765
1666,11.15782
1667,11.1569
1668,11.1547
1669,11.15095
1670,11.14565
1671,11.13955
1672,11.13343
1673,11.12703
1674,11.12038
1675,11.11362
1676,11.10657
1677,11.09887
1678,11.0918
1679,11.08673
1680,11.08512
1681,11.08538
1682,11.08457
1683,11.08025
1684,11.0733
1685,11.06525
1686,11.05747
1687,11.04942
1688,11.04098
1689,11.03437
1690,11.03203
1691,11.03447
1692,11.03832
1693,11.0397
1694,11.03642
1695,11.03038
1696,11.02388
1697,11.01878
1698,11.01443
1699,11.01053
1700,11.00708
1701,11.00392
1702,11.00097
1703,10.99893
1704,10.9984
1705,10.99972
1706,11.00215
1707,11.00478
1708,11.00747
1709,11.0109
1710,11.01365
1711,11.01423
1712,11.01248
1713,11.00907
1714,11.00455
1715,10.99862
1716,10.99058
1717,10.98272
1718,10.97778
1719,10.97742
1720,10.97937
1721,10.98043
1722,10.97813
1723,10.97375
1724,10.96792
1725,10.961
1726,10.95183
1727,10.94127
1728,10.93203
1729,10.92657
1730,10.9244
1731,10.92312
1732,10.92038
1733,10.91538
1734,10.90928
1735,10.90253
1736,10.89493
1737,10.88483
1738,10.87562
1739,10.87155
1740,10.87545
1741,10.8845
1742,10.8944
1743,10.90187
1744,10.90998
1745,10.9162
1746,10.91678
1747,10.90862
1748,10.8946
1749,10.87985
1750,10.86838
1751,10.85772
1752,10.84852
1753,10.84253
1754,10.84122
1755,10.84322
1756,10.84583
1757,10.84677
1758,10.84712
1759,10.84703
1760,10.8462
1761,10.8446
1762,10.84232
1763,10.83927
1764,10.83533
1765,10.83068
1766,10.82512
1767,10.81853
1768,10.8107
1769,10.8018
1770,10.79218
1771,10.7814
1772,10.76748
1773,10.75463
1774,10.748
1775,10.7515
1776,10.76142
1777,10.77153
1778,10.77677
1779,10.78
1780,10.78072
1781,10.77735
1782,10.76792
1783,10.75462
1784,10.74157
1785,10.732
1786,10.72432
1787,10.71755
1788,10.71107
1789,10.70385
1790,10.69698
1791,10.69238
1792,10.69177
1793,10.69475
1794,10.69992
1795,10.706
1796,10.7142
1797,10.72348
1798,10.73143
1799,10.7363
1800,10.7393
1801,10.74058
1802,10.73993
1803,10.7368
1804,10.73185
1805,10.72628
1806,10.72168
1807,10.71763
1808,10.71118
1809,10.699
1810,10.67803
1811,10.6542
1812,10.63535
1813,10.62503
1814,10.6195
1815,10.61805
1816,10.62057
1817,10.62958
1818,10.64103
1819,10.64927
1820,10.65237
1821,10.6529
1822,10.65198
1823,10.65033
1824,10.64718
1825,10.64332
1826,10.63992
1827,10.63658
1828,10.63337
1829,10.63135
1830,10.63192
1831,10.63562
1832,10.63912
1833,10.63895
1834,10.63492
1835,10.62833
1836,10.61983
1837,10.6089
1838,10.59525
1839,10.58137
1840,10.56942
1841,10.55723
1842,10.54687
1843,10.54225
1844,10.54643
1845,10.55718
1846,10.57048
1847,10.58337
1848,10.59862
1849,10.61353
1850,10.6243
1851,10.62643
1852,10.62485
1853,10.62828
1854,10.64475
1855,10.67292
1856,10.70423
1857,10.73032
1858,10.75308
1859,10.77293
1860,10.78623
1861,10.7884
1862,10.78085
1863,10.77263
1864,10.77243
1865,10.7802
1866,10.79007
1867,10.79648
1868,10.79842
1869,10.7978
1870,10.79355
1871,10.78433
1872,10.76972
1873,10.75277
1874,10.73675
1875,10.71992
1876,10.70328
1877,10.6902
1878,10.68455
1879,10.68487
1880,10.6845
1881,10.67733
1882,10.7433
1883,10.81957
1884,10.89622
1885,10.96872
1886,11.03798
1887,11.10658
1888,11.17065
1889,11.23265
1890,11.30513
1891,11.375
1892,11.37345
1893,11.36312
1894,11.34513
1895,11.3283
1896,11.32102
1897,11.32075
1898,11.31543
1899,11.29852
1900,11.27457
1901,11.24547
1902,11.20658
1903,11.16362
1904,11.13375
1905,11.1241
1906,11.12107
1907,11.1102
1908,11.0943
1909,11.0733
1910,11.04322
1911,11.00162
1912,10.96152
1913,10.93365
1914,10.91343
1915,10.89943
1916,10.89382
1917,10.89455
1918,10.89193
1919,10.8835
1920,10.87213
1921,10.85838
1922,10.84178
1923,10.82342
1924,10.80478
1925,10.78478
1926,10.76557
1927,10.74985
1928,10.7372
1929,10.72493
1930,10.71037
1931,10.69493
1932,10.68315
1933,10.67897
1934,10.67825
1935,10.67373
1936,10.66427
1937,10.65222
1938,10.63803
1939,10.6189
1940,10.60275
1941,10.59985
1942,10.60963
1943,10.61505
1944,10.60172
1945,10.5771
1946,10.55615
1947,10.54292
1948,10.53502
1949,10.53773
1950,10.55693
1951,10.57792
1952,10.58292
1953,10.573
1954,10.56158
1955,10.5578
1956,10.55737
1957,10.56287
1958,10.57998
1959,10.60403
1960,10.61937
1961,10.61818
1962,10.61098
1963,10.60967
1964,10.61375
1965,10.61922
1966,10.62435
1967,10.6307
1968,10.633
1969,10.6249
1970,10.60967
1971,10.6001
1972,10.60262
1973,10.61135
1974,10.62112
1975,10.63415
1976,10.646
1977,10.6492
1978,10.64352
1979,10.63767
1980,10.6376
1981,10.64027
1982,10.64482
1983,10.65292
1984,10.66225
1985,10.66617
1986,10.66248
1987,10.6574
1988,10.65682
1989,10.65912
1990,10.66507
1991,10.6767
1992,10.69292
1993,10.70847
1994,10.72218
1995,10.73467
1996,10.74362
1997,10.7483
1998,10.75102
1999,10.75428
2000,10.75773
2001,10.75992
2002,10.75812
2003,10.75387
2004,10.75552
2005,10.76792
2006,10.78462
2007,10.79765
2008,10.80872
2009,10.81523
2010,10.81018
2011,10.79303
2012,10.78287
2013,10.7938
2014,10.81588
2015,10.83452
2016,10.84858
2017,10.85992
2018,10.8664
2019,10.86743
2020,10.8658
2021,10.86298
2022,10.85817
2023,10.85592
2024,10.85873
2025,10.86437
2026,10.87092
2027,10.87947
2028,10.88755
2029,10.8918
2030,10.89302
2031,10.89263
2032,10.8911
2033,10.88822
2034,10.8841
2035,10.87632
2036,10.86995
2037,10.87318
2038,10.88647
2039,10.89963
2040,10.90685
2041,10.91092
2042,10.90658
2043,10.88575
2044,10.86103
2045,10.85313
2046,10.86255
2047,10.87823
2048,10.895
2049,10.91567
2050,10.92707
2051,10.91915
2052,10.90212
2053,10.89135
2054,10.88787
2055,10.88682
2056,10.88582
2057,10.88563
2058,10.88603
2059,10.88888
2060,10.89143
2061,10.88605
2062,10.86828
2063,10.85035
2064,10.8456
2065,10.85127
2066,10.85792
2067,10.86155
2068,10.86418
2069,10.8628
2070,10.85613
2071,10.848
2072,10.84253
2073,10.8388
2074,10.83423
2075,10.8272
2076,10.81932
2077,10.81252
2078,10.80695
2079,10.80208
2080,10.79865
2081,10.7973
2082,10.79085
2083,10.77348
2084,10.7513
2085,10.73402
2086,10.72052
2087,10.71273
2088,10.7166
2089,10.73052
2090,10.74023
2091,10.73882
2092,10.73215
2093,10.72392
2094,10.71237
2095,10.70197
2096,10.69795
2097,10.69848
2098,10.6993
2099,10.69978
2100,10.69983
2101,10.69753
2102,10.693
2103,10.68753
2104,10.68127
2105,10.6743
2106,10.67028
2107,10.6714
2108,10.6733
2109,10.6709
2110,10.66507
2111,10.66077
2112,10.66328
2113,10.6667
2114,10.6591
2115,10.6364
2116,10.6108
2117,10.59063
2118,10.57252
2119,10.56855
2120,10.59125
2121,10.62118
2122,10.6299
2123,10.61977
2124,10.60692
2125,10.5985
2126,10.59122
2127,10.58958
2128,10.59912
2129,10.60433
2130,10.58605
2131,10.55023
2132,10.52348
2133,10.5181
2134,10.52423
2135,10.53865
2136,10.57025
2137,10.58825
2138,10.55797
2139,10.49865
2140,10.46035
2141,10.44698
2142,10.44658
2143,10.46102
2144,10.49045
2145,10.49822
2146,10.4619
2147,10.41227
2148,10.38722
2149,10.38312
2150,10.38103
2151,10.37212
2152,10.361
2153,10.34565
2154,10.32402
2155,10.30197
2156,10.28542
2157,10.2723
2158,10.26155
2159,10.25588
2160,10.24903
2161,10.23148
2162,10.20463
2163,10.17993
2164,10.16138
2165,10.14687
2166,10.13967
2167,10.142
2168,10.14398
2169,10.14012
2170,10.13275
2171,10.11878
2172,10.09613
2173,10.07078
2174,10.04852
2175,10.02667
2176,10.00025
2177,9.96653
2178,9.93098
2179,9.89893
2180,9.86873
2181,9.84373
2182,9.82457
2183,9.81107
2184,9.8054
2185,9.80847
2186,9.81323
2187,9.81875
2188,9.82353
2189,9.81913
2190,9.80563
2191,9.78577
2192,9.75855
2193,9.72623
2194,9.69803
2195,9.67318
2196,9.65133
2197,9.63468
2198,9.62155
2199,9.60325
2200,9.57628
2201,9.55133
2202,9.53772
2203,9.53102
2204,9.52528
2205,9.52212
2206,9.51663
2207,9.50035
2208,9.47608
2209,9.45342
2210,9.42943
2211,9.41335
2212,9.41915
2213,9.44207
2214,9.47143
2215,9.51093
2216,9.55052
2217,9.57175
2218,9.5791
2219,9.57117
2220,9.54085
2221,9.50132
2222,9.46975
2223,9.441
2224,9.4284
2225,9.44305
2226,9.46845
2227,9.48633
2228,9.50175
2229,9.50567
2230,9.49028
2231,9.46718
2232,9.44853
2233,9.43053
2234,9.42467
2235,9.43928
2236,9.46247
2237,9.48143
2238,9.49972
2239,9.51147
2240,9.51413
2241,9.5102
2242,9.50003
2243,9.48277
2244,9.46797
2245,9.45688
2246,9.45068
2247,9.4572
2248,9.47592
2249,9.48405
2250,9.4729
2251,9.45743
2252,9.45107
2253,9.44942
2254,9.44338
2255,9.42943
2256,9.41422
2257,9.4022
2258,9.3923
2259,9.39283
2260,9.40835
2261,9.42453
2262,9.4291
2263,9.42747
2264,9.42367
2265,9.41593
2266,9.41043
2267,9.41492
2268,9.42333
2269,9.42308
2270,9.41357
2271,9.40105
2272,9.38493
2273,9.36923
2274,9.36663
2275,9.37737
2276,9.3868
2277,9.39037
2278,9.39103
2279,9.38737
2280,9.37903
2281,9.37705
2282,9.38812
2283,9.39872
2284,9.39513
2285,9.3816
2286,9.36017
2287,9.32612
2288,9.29492
2289,9.28158
2290,9.2796
2291,9.28387
2292,9.29645
2293,9.30822
2294,9.31177
2295,9.31365
2296,9.32323
2297,9.34195
2298,9.34855
2299,9.33293
2300,9.30628
2301,9.27322
2302,9.23355
2303,9.21487
2304,9.22328
2305,9.2411
2306,9.25895
2307,9.279
2308,9.28768
2309,9.28318
2310,9.27695
2311,9.27688
2312,9.27512
2313,9.26082
2314,9.23578
2315,9.20878
2316,9.17542
2317,9.15047
2318,9.15465
2319,9.17703
2320,9.19443
2321,9.20805
2322,9.21655
2323,9.21463
2324,9.20917
2325,9.21247
2326,9.22262
2327,9.22595
2328,9.21883
2329,9.20627
2330,9.18833
2331,9.16665
2332,9.15317
2333,9.14865
2334,9.14718
2335,9.14727
2336,9.14842
2337,9.14707
2338,9.14383
2339,9.14085
2340,9.13983
2341,9.1367
2342,9.12628
2343,9.11162
2344,9.09962
2345,9.08897
2346,9.0845
2347,9.09093
2348,9.10083
2349,9.1058
2350,9.1082
2351,9.10812
2352,9.10612
2353,9.10015
2354,9.08672
2355,9.071
2356,9.06245
2357,9.05933
2358,9.05657
2359,9.05478
2360,9.0503
2361,9.0375
2362,9.02147
2363,9.01288
2364,9.01138
2365,9.00947
2366,9.00773
2367,9.0012
2368,8.98152
2369,8.95317
2370,8.92522
2371,8.89567
2372,8.87387
2373,8.86668
2374,8.86447
2375,8.85757
2376,8.85017
2377,8.8473
2378,8.84768
2379,8.85677
2380,8.88198
2381,8.90953
2382,8.92452
2383,8.93228
2384,8.9342
2385,8.93027
2386,8.91927
2387,8.89688
2388,8.87302
2389,8.86023
2390,8.85328
2391,8.84628
2392,8.84025
2393,8.83118
2394,8.81338
2395,8.79775
2396,8.79872
2397,8.8089
2398,8.81355
2399,8.81378
2400,8.81192
2401,8.80963
2402,8.80227
2403,8.78515
2404,8.76118
2405,8.7325
2406,8.69857
2407,8.6711
2408,8.65262
2409,8.63672
2410,8.61755
2411,8.60088
2412,8.59952
2413,8.61145
2414,8.61672
2415,8.61308
2416,8.6033
2417,8.5828
2418,8.56155
2419,8.55593
2420,8.55897
2421,8.56115
2422,8.56395
2423,8.56122
2424,8.5498
2425,8.53512
2426,8.51777
2427,8.5013
2428,8.50048
2429,8.5131
2430,8.51745
2431,8.50902
2432,8.49967
2433,8.49367
2434,8.49105
2435,8.49828
2436,8.51058
2437,8.51333
2438,8.50743
2439,8.49762
2440,8.47993
2441,8.46973
2442,8.48328
2443,8.504
2444,8.51148
2445,8.51147
2446,8.511
2447,8.50923
2448,8.51133
2449,8.52198
2450,8.53057
2451,8.53042
2452,8.52247
2453,8.49862
2454,8.46017
2455,8.42823
2456,8.40277
2457,8.38532
2458,8.38077
2459,8.38003
2460,8.37627
2461,8.36967
2462,8.3545
2463,8.33207
2464,8.29823
2465,8.24807
2466,8.21348
2467,8.20553
2468,8.21032
2469,8.2261
2470,8.24642
2471,8.2478
2472,8.2375
2473,8.2358
2474,8.24347
2475,8.23703
2476,8.20527
2477,8.17118
2478,8.14405
2479,8.1277
2480,8.1411
2481,8.17238
2482,8.19587
2483,8.2156
2484,8.21442
2485,8.18613
2486,8.1489
2487,8.10328
2488,8.06367
2489,8.0546
2490,8.05648
2491,8.03762
2492,8.00743
2493,7.98758
2494,7.97625
2495,7.98283
2496,8.01425
2497,8.04488
2498,8.05708
2499,8.07513
2500,8.11898
